number,value,datetime_start,datetime_complete,duration,params_C,params_epsilon,user_attrs_cv_scores,user_attrs_cv_std,user_attrs_params,state,kernel,params_gamma_mode,params_gamma_type,params_gamma_value,params_coef0,params_degree,params_gamma_value 
0,0.7642329783864398,2025-09-22 02:19:47.015116,2025-09-22 02:19:47.019663,0 days 00:00:00.004547,0.17670169402947947,0.6351221010640693,"[0.8643963886370706, 0.9234333683668446, 0.8233711204766032, 0.36588225162429244, 0.8440817628273876]",0.2019573829605907,"{'kernel': 'linear', 'C': 0.17670169402947947, 'epsilon': 0.6351221010640693}",COMPLETE,linear,,,,,,
1,0.7954908361993824,2025-09-22 02:19:47.019971,2025-09-22 02:19:47.030060,0 days 00:00:00.010089,24.658329458549094,0.024810409748678108,"[0.7680759841527673, 0.823157079524619, 0.8446559521678783, 0.8169447814162417, 0.7246203837354054]",0.04339837913674073,"{'kernel': 'linear', 'C': 24.658329458549094, 'epsilon': 0.024810409748678108}",COMPLETE,linear,,,,,,
2,0.42845833739142386,2025-09-22 02:19:47.030335,2025-09-22 02:19:47.032449,0 days 00:00:00.002114,0.008632008168602545,0.0004207053950287938,"[0.47888405765382136, 0.5387729530820986, 0.5057897829042095, 0.28351239428518604, 0.33533249903180373]",0.10037327169839448,"{'kernel': 'linear', 'C': 0.008632008168602545, 'epsilon': 0.0004207053950287938}",COMPLETE,linear,,,,,,
3,0.012719393053282246,2025-09-22 02:19:47.032629,2025-09-22 02:19:47.034498,0 days 00:00:00.001869,0.002231010801867922,0.29154431891537524,"[0.09115850097407363, 0.17671795760913855, 0.12462172620367162, -0.07125439810434764, -0.25764682141612494]",0.15856849782992483,"{'kernel': 'linear', 'C': 0.002231010801867922, 'epsilon': 0.29154431891537524}",COMPLETE,linear,,,,,,
4,0.8131339881648707,2025-09-22 02:19:47.034773,2025-09-22 02:19:47.038412,0 days 00:00:00.003639,4.0428727350273315,0.06796578090758154,"[0.8194007225793104, 0.834989802318215, 0.8666022206909163, 0.7889690126083964, 0.7557081826275155]",0.0380984767339721,"{'kernel': 'linear', 'C': 4.0428727350273315, 'epsilon': 0.06796578090758154}",COMPLETE,linear,,,,,,
5,-0.05052023028141661,2025-09-22 02:19:47.038656,2025-09-22 02:19:47.041446,0 days 00:00:00.002790,0.0013289448722869186,0.7579479953347994,"[0.05647336944331627, 0.0772642425412674, 0.05536397305331675, -0.17185356831247334, -0.26984916813251014]",0.1426989336253823,"{'kernel': 'linear', 'C': 0.0013289448722869186, 'epsilon': 0.7579479953347994}",COMPLETE,linear,,,,,,
6,0.7904664147871159,2025-09-22 02:19:47.041697,2025-09-22 02:19:47.074407,0 days 00:00:00.032710,98.77700294007911,0.0007068974950624604,"[0.7636601451869898, 0.8221712006654491, 0.8402138387590712, 0.7988421146329805, 0.7274447746910885]",0.04059668754372037,"{'kernel': 'linear', 'C': 98.77700294007911, 'epsilon': 0.0007068974950624604}",COMPLETE,linear,,,,,,
7,0.5717968879826056,2025-09-22 02:19:47.074657,2025-09-22 02:19:47.076643,0 days 00:00:00.001986,0.012329623163659839,0.0005415244119402539,"[0.5806414546419235, 0.6557835082388528, 0.6536093163337633, 0.5104089163905489, 0.45854124430793963]",0.07800073852794161,"{'kernel': 'linear', 'C': 0.012329623163659839, 'epsilon': 0.0005415244119402539}",COMPLETE,linear,,,,,,
8,0.8295964251599409,2025-09-22 02:19:47.076812,2025-09-22 02:19:47.078716,0 days 00:00:00.001904,0.06690421166498801,0.012561043700013555,"[0.7754315303605668, 0.8166771943584136, 0.9413402118049187, 0.8873116518699967, 0.727221537405809]",0.07667995989012118,"{'kernel': 'linear', 'C': 0.06690421166498801, 'epsilon': 0.012561043700013555}",COMPLETE,linear,,,,,,
9,0.8104398466303138,2025-09-22 02:19:47.078880,2025-09-22 02:19:47.081240,0 days 00:00:00.002360,0.39054412752107914,0.0014618962793704966,"[0.7629328289484198, 0.8035534248177973, 0.9115653868569583, 0.8430290337243659, 0.7311185588040272]",0.06306288328075417,"{'kernel': 'linear', 'C': 0.39054412752107914, 'epsilon': 0.0014618962793704966}",COMPLETE,linear,,,,,,
10,0.8262340050423459,2025-09-22 02:19:47.081454,2025-09-22 02:19:47.085122,0 days 00:00:00.003668,0.07380265896572932,0.003662312545606235,"[0.7639050659409764, 0.8087111051217001, 0.9412333559434358, 0.8853040409098899, 0.732016457295728]",0.07717903189284299,"{'kernel': 'linear', 'C': 0.07380265896572932, 'epsilon': 0.003662312545606235}",COMPLETE,linear,,,,,,
11,0.8266871982346192,2025-09-22 02:19:47.085307,2025-09-22 02:19:47.088239,0 days 00:00:00.002932,0.06586744033069315,0.005737691543280197,"[0.7727084570975675, 0.8123692436309045, 0.9375365319533814, 0.885537521276539, 0.7252842372147033]",0.07635732332974131,"{'kernel': 'linear', 'C': 0.06586744033069315, 'epsilon': 0.005737691543280197}",COMPLETE,linear,,,,,,
12,0.7936565829756094,2025-09-22 02:19:47.088438,2025-09-22 02:19:47.092363,0 days 00:00:00.003925,2.475588998870288,0.00955394789697147,"[0.7641552813369717, 0.8136502580559208, 0.8531464690454257, 0.8062955596604464, 0.7310353467792821]",0.042167009238471595,"{'kernel': 'linear', 'C': 2.475588998870288, 'epsilon': 0.00955394789697147}",COMPLETE,linear,,,,,,
13,0.7804388404602408,2025-09-22 02:19:47.092582,2025-09-22 02:19:47.095362,0 days 00:00:00.002780,0.035067313183433195,0.05686906248303912,"[0.7630930979667604, 0.7879586296337411, 0.9017245039797667, 0.7553473541282697, 0.6940706165926662]",0.06805393003732062,"{'kernel': 'linear', 'C': 0.035067313183433195, 'epsilon': 0.05686906248303912}",COMPLETE,linear,,,,,,
14,0.8005865300774178,2025-09-22 02:19:47.095553,2025-09-22 02:19:47.098844,0 days 00:00:00.003291,0.9286793923304076,0.00011290337641647077,"[0.7625621438929258, 0.810849792376549, 0.8970611298742042, 0.7992530293502551, 0.7332065548931547]",0.055498425533882505,"{'kernel': 'linear', 'C': 0.9286793923304076, 'epsilon': 0.00011290337641647077}",COMPLETE,linear,,,,,,
15,0.7900042487868808,2025-09-22 02:19:47.099122,2025-09-22 02:19:47.365668,0 days 00:00:00.266546,638.5848430580046,0.006677676061863546,"[0.7657519263676132, 0.8253478429223438, 0.8244377186880683, 0.8044503689006665, 0.730033387055712]",0.036954575580561914,"{'kernel': 'linear', 'C': 638.5848430580046, 'epsilon': 0.006677676061863546}",COMPLETE,linear,,,,,,
16,0.7985642702619492,2025-09-22 02:19:47.365979,2025-09-22 02:19:47.368845,0 days 00:00:00.002866,0.037805922057241405,0.027594931247927022,"[0.7947736507755417, 0.80759025070278, 0.9149307294945286, 0.7595713615974777, 0.7159553587394177]",0.06630485524060784,"{'kernel': 'linear', 'C': 0.037805922057241405, 'epsilon': 0.027594931247927022}",COMPLETE,linear,,,,,,
17,0.8060439166139339,2025-09-22 02:19:47.369032,2025-09-22 02:19:47.372144,0 days 00:00:00.003112,0.22914924571623904,0.0018756206282287391,"[0.7659867505952362, 0.7965813385189945, 0.9128285102336046, 0.8316283333230615, 0.7231946503987732]",0.06421157163456974,"{'kernel': 'linear', 'C': 0.22914924571623904, 'epsilon': 0.0018756206282287391}",COMPLETE,linear,,,,,,
18,0.4479421429903761,2025-09-22 02:19:47.372393,2025-09-22 02:19:47.375259,0 days 00:00:00.002866,0.00912689570851501,0.11762617934974447,"[0.4910115337602008, 0.5648365654908529, 0.506005951721423, 0.36802813341503315, 0.30982853056437054]",0.09418312288422839,"{'kernel': 'linear', 'C': 0.00912689570851501, 'epsilon': 0.11762617934974447}",COMPLETE,linear,,,,,,
19,0.795967124930162,2025-09-22 02:19:47.375456,2025-09-22 02:19:47.380473,0 days 00:00:00.005017,6.168708754337113,0.020900511909884917,"[0.7711924562314754, 0.8210454264976106, 0.8462586518088004, 0.8150003640658352, 0.7263387260470877]",0.042384717098120674,"{'kernel': 'linear', 'C': 6.168708754337113, 'epsilon': 0.020900511909884917}",COMPLETE,linear,,,,,,
20,0.8084238597212016,2025-09-22 02:19:47.380666,2025-09-22 02:19:47.383895,0 days 00:00:00.003229,0.759104473459618,0.0027025958563271224,"[0.7636419933979449, 0.8037516096514477, 0.9074297387623076, 0.8349128093096669, 0.7323831474846406]",0.060519854468685214,"{'kernel': 'linear', 'C': 0.759104473459618, 'epsilon': 0.0027025958563271224}",COMPLETE,linear,,,,,,
21,0.816240011702494,2025-09-22 02:19:47.384110,2025-09-22 02:19:47.387081,0 days 00:00:00.002971,0.09854444934959487,0.005393764090874056,"[0.7615816514912989, 0.7979994093062099, 0.9309614935472527, 0.86695417386968, 0.7237033302980289]",0.07431855483401771,"{'kernel': 'linear', 'C': 0.09854444934959487, 'epsilon': 0.005393764090874056}",COMPLETE,linear,,,,,,
22,0.7529900500257197,2025-09-22 02:19:47.387268,2025-09-22 02:19:47.390199,0 days 00:00:00.002931,0.03041976705242603,0.004481839128894395,"[0.7427770571974859, 0.7591537477451105, 0.8996412457845228, 0.681518503793816, 0.6818596956076635]",0.0797703940694664,"{'kernel': 'linear', 'C': 0.03041976705242603, 'epsilon': 0.004481839128894395}",COMPLETE,linear,,,,,,
23,0.8173373829074289,2025-09-22 02:19:47.390426,2025-09-22 02:19:47.393147,0 days 00:00:00.002721,0.09004510125384423,0.01237757504006268,"[0.7638382819760262, 0.7994791123527243, 0.9320099031105087, 0.8657702321470321, 0.7255893849508522]",0.07361289904888314,"{'kernel': 'linear', 'C': 0.09004510125384423, 'epsilon': 0.01237757504006268}",COMPLETE,linear,,,,,,
24,0.12645536201836005,2025-09-22 02:19:47.393337,2025-09-22 02:19:47.395823,0 days 00:00:00.002486,0.002956475672932671,0.0031229330380703607,"[0.19292943736258594, 0.23361446958207654, 0.2018802765884956, -0.0028816372620044106, 0.006734263820646569]",0.10261773287414781,"{'kernel': 'linear', 'C': 0.002956475672932671, 'epsilon': 0.0031229330380703607}",COMPLETE,linear,,,,,,
25,0.8263046253919377,2025-09-22 02:19:47.395988,2025-09-22 02:19:47.398644,0 days 00:00:00.002656,0.049398912511857934,0.0012196622243652669,"[0.7975315111864405, 0.8184790433524375, 0.9273697101963929, 0.871494974333985, 0.7166478878904325]",0.07095075886676515,"{'kernel': 'linear', 'C': 0.049398912511857934, 'epsilon': 0.0012196622243652669}",COMPLETE,linear,,,,,,
26,0.6262262139687408,2025-09-22 02:19:47.398839,2025-09-22 02:19:47.401376,0 days 00:00:00.002537,0.014885006967679202,0.0011821783798808122,"[0.6151065587751978, 0.6853609720226201, 0.7221240210067026, 0.5895990389352534, 0.5189404791039303]",0.07165017040150069,"{'kernel': 'linear', 'C': 0.014885006967679202, 'epsilon': 0.0011821783798808122}",COMPLETE,linear,,,,,,
27,0.25163972306382776,2025-09-22 02:19:47.401548,2025-09-22 02:19:47.403976,0 days 00:00:00.002428,0.004948948017398012,0.00022508946203004117,"[0.32365077376626383, 0.3708753271553845, 0.32549356215354686, 0.11582294905410184, 0.12235600318984186]",0.10956056460378581,"{'kernel': 'linear', 'C': 0.004948948017398012, 'epsilon': 0.00022508946203004117}",COMPLETE,linear,,,,,,
28,0.8044039768332807,2025-09-22 02:19:47.404255,2025-09-22 02:19:47.407359,0 days 00:00:00.003104,0.5239182548903395,0.012542202366440705,"[0.7656545651710285, 0.803051180569283, 0.9041576052627374, 0.8247888238000082, 0.7243677093633465]",0.060457389032475474,"{'kernel': 'linear', 'C': 0.5239182548903395, 'epsilon': 0.012542202366440705}",COMPLETE,linear,,,,,,
29,0.8034799978640734,2025-09-22 02:19:47.407594,2025-09-22 02:19:47.410374,0 days 00:00:00.002780,0.1713635775854518,0.0009434666174656926,"[0.762374013434113, 0.7973225590897233, 0.9165072648886875, 0.8306673782321474, 0.7105287736756963]",0.06911130562891386,"{'kernel': 'linear', 'C': 0.1713635775854518, 'epsilon': 0.0009434666174656926}",COMPLETE,linear,,,,,,
30,0.7224394966574972,2025-09-22 02:19:47.410576,2025-09-22 02:19:47.413193,0 days 00:00:00.002617,0.02683311736701485,0.00028384109196930745,"[0.7124645586781415, 0.7483127787726365, 0.8706873780492027, 0.6438888468837467, 0.6368439209037584]",0.0851389072289787,"{'kernel': 'linear', 'C': 0.02683311736701485, 'epsilon': 0.00028384109196930745}",COMPLETE,linear,,,,,,
31,0.8230715333067693,2025-09-22 02:19:47.413366,2025-09-22 02:19:47.416054,0 days 00:00:00.002688,0.0841023923388387,0.002872548374007522,"[0.7571755234705496, 0.8035964830800899, 0.9397339669866891, 0.8678936294136049, 0.7469580635829132]",0.07229656381682784,"{'kernel': 'linear', 'C': 0.0841023923388387, 'epsilon': 0.002872548374007522}",COMPLETE,linear,,,,,,
32,0.82827668296915,2025-09-22 02:19:47.416228,2025-09-22 02:19:47.418824,0 days 00:00:00.002596,0.07056002114971019,0.019683251553637853,"[0.7611530192350204, 0.8187812655866461, 0.9445540136151722, 0.8885502022698502, 0.7283449141390617]",0.07966859149869154,"{'kernel': 'linear', 'C': 0.07056002114971019, 'epsilon': 0.019683251553637853}",COMPLETE,linear,,,,,,
33,0.8111992899922317,2025-09-22 02:19:47.418994,2025-09-22 02:19:47.421905,0 days 00:00:00.002911,0.2544055925304804,0.020464676521065248,"[0.7734663198666234, 0.8024796761677138, 0.9120576495668701, 0.8530147037342349, 0.7149781006257167]",0.067348739417093,"{'kernel': 'linear', 'C': 0.2544055925304804, 'epsilon': 0.020464676521065248}",COMPLETE,linear,,,,,,
34,0.8091798150447023,2025-09-22 02:19:47.422150,2025-09-22 02:19:47.425434,0 days 00:00:00.003284,1.6052073490748255,0.0449306648845362,"[0.799369773023218, 0.8294485931620119, 0.8652124995752147, 0.8069616440716065, 0.7449065653914604]",0.0394529921044825,"{'kernel': 'linear', 'C': 1.6052073490748255, 'epsilon': 0.0449306648845362}",COMPLETE,linear,,,,,,
35,0.20355407960035882,2025-09-22 02:19:47.425626,2025-09-22 02:19:47.428272,0 days 00:00:00.002646,0.004818405394751352,0.2829497323191617,"[0.2804188445790633, 0.3311569419378655, 0.2856927553641361, 0.1749784168252012, -0.054476560704472154]",0.138804772588945,"{'kernel': 'linear', 'C': 0.004818405394751352, 'epsilon': 0.2829497323191617}",COMPLETE,linear,,,,,,
36,0.7914434674352611,2025-09-22 02:19:47.428452,2025-09-22 02:19:47.434510,0 days 00:00:00.006058,10.550446890007112,0.008674443551447154,"[0.7640079507635967, 0.8252526236389796, 0.8313909723605089, 0.8062267805864217, 0.7303390098267989]",0.038584636464144464,"{'kernel': 'linear', 'C': 10.550446890007112, 'epsilon': 0.008674443551447154}",COMPLETE,linear,,,,,,
37,-0.023264118229626284,2025-09-22 02:19:47.434688,2025-09-22 02:19:47.437200,0 days 00:00:00.002512,0.0011014484668021192,0.033280777079967135,"[0.056928851737740205, 0.08984377578007119, 0.07450732512155323, -0.1586462438442542, -0.17895429994324186]",0.11945820681093645,"{'kernel': 'linear', 'C': 0.0011014484668021192, 'epsilon': 0.033280777079967135}",COMPLETE,linear,,,,,,
38,0.655745934666669,2025-09-22 02:19:47.437370,2025-09-22 02:19:47.440184,0 days 00:00:00.002814,0.018101655805486963,0.157092247588146,"[0.68580145346716, 0.7214421814149721, 0.7441768618732918, 0.5668531673777151, 0.560456009200206]",0.07748735884709945,"{'kernel': 'linear', 'C': 0.018101655805486963, 'epsilon': 0.157092247588146}",COMPLETE,linear,,,,,,
39,0.8283872747268202,2025-09-22 02:19:47.440520,2025-09-22 02:19:47.443228,0 days 00:00:00.002708,0.055935701351810925,0.01782502766317874,"[0.7952681176330898, 0.8240158414387935, 0.9277692087842179, 0.8679456788881762, 0.7269375268898242]",0.06760129508901892,"{'kernel': 'linear', 'C': 0.055935701351810925, 'epsilon': 0.01782502766317874}",COMPLETE,linear,,,,,,
40,0.8464505899285986,2025-09-22 02:19:47.443407,2025-09-22 02:19:47.446064,0 days 00:00:00.002657,0.16066330877473223,0.10139068837461754,"[0.8352037094245878, 0.8411457535368847, 0.9214409799989122, 0.8719541735334292, 0.7625083331491788]",0.051913249682567116,"{'kernel': 'linear', 'C': 0.16066330877473223, 'epsilon': 0.10139068837461754}",COMPLETE,linear,,,,,,
41,0.849906356786256,2025-09-22 02:19:47.446231,2025-09-22 02:19:47.448795,0 days 00:00:00.002564,0.1413952848734198,0.1269569883598526,"[0.8363084640547666, 0.8521216914809641, 0.9295890666103308, 0.8488787593158947, 0.7826338024693238]",0.04704422846713519,"{'kernel': 'linear', 'C': 0.1413952848734198, 'epsilon': 0.1269569883598526}",COMPLETE,linear,,,,,,
42,0.8454674459405386,2025-09-22 02:19:47.448953,2025-09-22 02:19:47.451689,0 days 00:00:00.002736,0.20422496693874145,0.09626779805375492,"[0.8324971441797958, 0.8389274593087652, 0.9231124035583059, 0.859589200306355, 0.7732110223494708]",0.0482911053775199,"{'kernel': 'linear', 'C': 0.20422496693874145, 'epsilon': 0.09626779805375492}",COMPLETE,linear,,,,,,
43,0.8452738907806744,2025-09-22 02:19:47.451867,2025-09-22 02:19:47.455211,0 days 00:00:00.003344,0.1705554751486436,0.09474970063231203,"[0.8311426714622844, 0.8366470873550085, 0.927335577974458, 0.8753342125037555, 0.755909904607865]",0.056387549279338464,"{'kernel': 'linear', 'C': 0.1705554751486436, 'epsilon': 0.09474970063231203}",COMPLETE,linear,,,,,,
44,0.8608657106795568,2025-09-22 02:19:47.455426,2025-09-22 02:19:47.458366,0 days 00:00:00.002940,0.38146205771227737,0.46285730671801356,"[0.9072487824297227, 0.9113478055464246, 0.915239724823627, 0.6790505466587933, 0.8914416939392155]",0.09126665248759823,"{'kernel': 'linear', 'C': 0.38146205771227737, 'epsilon': 0.46285730671801356}",COMPLETE,linear,,,,,,
45,0.633849253752814,2025-09-22 02:19:47.458551,2025-09-22 02:19:47.460964,0 days 00:00:00.002413,0.4028115697630866,0.9486851813744572,"[0.7544154558854776, 0.8007857808207988, 0.6908058605137807, 0.21670650588720175, 0.706532665656811]",0.21210328553929453,"{'kernel': 'linear', 'C': 0.4028115697630866, 'epsilon': 0.9486851813744572}",COMPLETE,linear,,,,,,
46,0.867742982807048,2025-09-22 02:19:47.461132,2025-09-22 02:19:47.464050,0 days 00:00:00.002918,1.490216244321638,0.4113315046811205,"[0.9099468049572739, 0.8642256016768064, 0.9118019886003353, 0.7675470376682223, 0.8851934811326018]",0.05306312821473858,"{'kernel': 'linear', 'C': 1.490216244321638, 'epsilon': 0.4113315046811205}",COMPLETE,linear,,,,,,
47,0.8754448567901936,2025-09-22 02:19:47.464237,2025-09-22 02:19:47.466966,0 days 00:00:00.002729,1.7265483122926126,0.4230490610773862,"[0.9044658507246343, 0.8999691478850003, 0.9176898471065028, 0.7700282469695926, 0.8850711912652378]",0.053728253444468056,"{'kernel': 'linear', 'C': 1.7265483122926126, 'epsilon': 0.4230490610773862}",COMPLETE,linear,,,,,,
48,0.8689996316277494,2025-09-22 02:19:47.467166,2025-09-22 02:19:47.469928,0 days 00:00:00.002762,2.0641010355282794,0.5076890367296096,"[0.8993042705143185, 0.9075131374856953, 0.9131666698680163, 0.7393914350947942, 0.8856226451759225]",0.0654629631568576,"{'kernel': 'linear', 'C': 2.0641010355282794, 'epsilon': 0.5076890367296096}",COMPLETE,linear,,,,,,
49,0.8715323429449506,2025-09-22 02:19:47.470106,2025-09-22 02:19:47.474889,0 days 00:00:00.004783,22.555777308120692,0.4348996296005519,"[0.9045373566306892, 0.8934449014674435, 0.9160847197293066, 0.7588756907852211, 0.8847190461120932]",0.05730587377012815,"{'kernel': 'linear', 'C': 22.555777308120692, 'epsilon': 0.4348996296005519}",COMPLETE,linear,,,,,,
0,0.6194620947475667,2025-09-22 02:19:47.483636,2025-09-22 02:19:47.485902,0 days 00:00:00.002266,4.68940096353769,0.006672367170464205,"[0.6150197453394493, 0.6801234901915335, 0.7159171876173317, 0.5769317419662655, 0.5093183086232541]",0.07340791351821459,"{'kernel': 'rbf', 'C': 4.68940096353769, 'gamma': 0.0015782327810795573, 'epsilon': 0.006672367170464205}",COMPLETE,rbf,,manual,0.0015782327810795573,,,
1,0.9076410397733893,2025-09-22 02:19:47.486259,2025-09-22 02:19:47.490188,0 days 00:00:00.003929,51.41096648805749,0.00015339162591163628,"[0.8995246691826864, 0.8732238384058714, 0.9603384871559418, 0.8711716992493242, 0.9339465048731226]",0.03478341695276155,"{'kernel': 'rbf', 'C': 51.41096648805749, 'gamma': 0.035849855803404725, 'epsilon': 0.00015339162591163628}",COMPLETE,rbf,,manual,0.035849855803404725,,,
2,0.8777731120517547,2025-09-22 02:19:47.490458,2025-09-22 02:19:47.492768,0 days 00:00:00.002310,4.418441521199721,0.17123375973163973,"[0.9369299796974977, 0.8493305608618328, 0.8992142111237781, 0.7284373451474286, 0.9749534634282366]",0.08545575043005978,"{'kernel': 'rbf', 'C': 4.418441521199721, 'gamma': 'auto', 'epsilon': 0.17123375973163973}",COMPLETE,rbf,auto,auto,,,,
3,-0.05806791717834392,2025-09-22 02:19:47.492973,2025-09-22 02:19:47.494859,0 days 00:00:00.001886,0.06724850206557247,0.00030771802712506853,"[0.02266904938241654, 0.045741108731545466, 0.037014229804683496, -0.18025768080921378, -0.21550629300115132]",0.11493699737037406,"{'kernel': 'rbf', 'C': 0.06724850206557247, 'gamma': 0.004374364439939076, 'epsilon': 0.00030771802712506853}",COMPLETE,rbf,,manual,0.004374364439939076,,,
4,-0.06118237352191145,2025-09-22 02:19:47.495031,2025-09-22 02:19:47.496890,0 days 00:00:00.001859,0.9355380606452183,0.04467752817973904,"[0.023115426839427466, 0.05050226087638188, 0.041273294631703594, -0.19125647425553094, -0.22954637570153924]",0.1227537775832954,"{'kernel': 'rbf', 'C': 0.9355380606452183, 'gamma': 0.0003570095960030948, 'epsilon': 0.04467752817973904}",COMPLETE,rbf,,manual,0.0003570095960030948,,,
5,-0.12598623712302115,2025-09-22 02:19:47.497057,2025-09-22 02:19:47.498871,0 days 00:00:00.001814,0.07417652034871827,0.7556810141274423,"[-0.02671233852511623, 7.391220034946855e-05, -0.004671864616963228, -0.2534066707916449, -0.34521422388173084]",0.1447484177885018,"{'kernel': 'rbf', 'C': 0.07417652034871827, 'gamma': 0.0001285661779146793, 'epsilon': 0.7556810141274423}",COMPLETE,rbf,,manual,0.0001285661779146793,,,
6,0.8004987447228965,2025-09-22 02:19:47.499039,2025-09-22 02:19:47.502287,0 days 00:00:00.003248,44.75040191350906,0.00022592797420156976,"[0.8181225960498342, 0.9091198571008263, 0.8224709643618762, 0.4765825837948996, 0.9761977223070464]",0.17226940219326473,"{'kernel': 'rbf', 'C': 44.75040191350906, 'gamma': 'auto', 'epsilon': 0.00022592797420156976}",COMPLETE,rbf,auto,auto,,,,
7,-0.10190904695200027,2025-09-22 02:19:47.502469,2025-09-22 02:19:47.504458,0 days 00:00:00.001989,0.014993298055091557,0.0012172958098369967,"[-0.022218178852116965, -7.401060538669846e-05, -0.00011495620487389502, -0.22271803129469547, -0.2644200578029283]",0.11669420323475142,"{'kernel': 'rbf', 'C': 0.014993298055091557, 'gamma': 0.002148145718198267, 'epsilon': 0.0012172958098369967}",COMPLETE,rbf,,manual,0.002148145718198267,,,
8,0.880638306692371,2025-09-22 02:19:47.504675,2025-09-22 02:19:47.506863,0 days 00:00:00.002188,93.84800715909525,0.16172900811143134,"[0.9357409861257185, 0.8534117972832345, 0.9043663888083145, 0.7339691124226004, 0.9757032488219869]",0.0835341914979632,"{'kernel': 'rbf', 'C': 93.84800715909525, 'gamma': 'scale', 'epsilon': 0.16172900811143134}",COMPLETE,rbf,scale,auto,,,,
9,-0.11330904594331825,2025-09-22 02:19:47.507067,2025-09-22 02:19:47.508973,0 days 00:00:00.001906,0.0028009403633756772,0.18274508859816008,"[-0.014139600647234518, 0.011394999128167327, -0.0028562905394040605, -0.2261437654519518, -0.3348005722061682]",0.14097918927748146,"{'kernel': 'rbf', 'C': 0.0028009403633756772, 'gamma': 'scale', 'epsilon': 0.18274508859816008}",COMPLETE,rbf,scale,auto,,,,
10,0.47048759417005764,2025-09-22 02:19:47.509210,2025-09-22 02:19:47.512379,0 days 00:00:00.003169,655.1395418988218,0.004016658883118541,"[0.665597327765957, 0.5143572628236235, 0.2714897370557309, 0.34030567033445536, 0.5606879728705214]",0.14468997527055988,"{'kernel': 'rbf', 'C': 655.1395418988218, 'gamma': 2.4535199910024463, 'epsilon': 0.004016658883118541}",COMPLETE,rbf,,manual,2.4535199910024463,,,
11,0.8388401685977174,2025-09-22 02:19:47.512553,2025-09-22 02:19:47.516475,0 days 00:00:00.003922,886.4682325710681,0.03392513394576353,"[0.8819706753233538, 0.8876631257006138, 0.8078807399794902, 0.6277862592253116, 0.9889000427598175]",0.12021990389779016,"{'kernel': 'rbf', 'C': 886.4682325710681, 'gamma': 'scale', 'epsilon': 0.03392513394576353}",COMPLETE,rbf,scale,auto,,,,
12,0.7980292816590877,2025-09-22 02:19:47.516688,2025-09-22 02:19:47.521132,0 days 00:00:00.004444,55.98498421051574,0.00010233150170925841,"[0.8139656761348493, 0.9074290317170134, 0.8172882167225225, 0.473863187205393, 0.97760029651566]",0.17316038041733584,"{'kernel': 'rbf', 'C': 55.98498421051574, 'gamma': 'scale', 'epsilon': 0.00010233150170925841}",COMPLETE,rbf,scale,auto,,,,
13,0.8014075134480987,2025-09-22 02:19:47.521466,2025-09-22 02:19:47.525872,0 days 00:00:00.004406,59.89309871765423,0.0018185162380652045,"[0.8179110814397836, 0.9070424775182613, 0.8197820330868297, 0.483850930136978, 0.978451045058641]",0.1696793046024651,"{'kernel': 'rbf', 'C': 59.89309871765423, 'gamma': 'scale', 'epsilon': 0.0018185162380652045}",COMPLETE,rbf,scale,auto,,,,
14,0.8109679035914794,2025-09-22 02:19:47.526082,2025-09-22 02:19:47.529301,0 days 00:00:00.003219,157.2111538558081,0.022841780552473313,"[0.9248773975592427, 0.7450060149744346, 0.8468282868141777, 0.5812279861555454, 0.9568998324539966]",0.1361534929230996,"{'kernel': 'rbf', 'C': 157.2111538558081, 'gamma': 0.5324652664569173, 'epsilon': 0.022841780552473313}",COMPLETE,rbf,,manual,0.5324652664569173,,,
15,0.5824298775242001,2025-09-22 02:19:47.529504,2025-09-22 02:19:47.532247,0 days 00:00:00.002743,6.9310176898065325,0.8668706346392596,"[0.754667558398354, 0.5845549114126403, 0.5656272806575473, 0.25461474115904237, 0.7526848959934165]",0.18242927215085702,"{'kernel': 'rbf', 'C': 6.9310176898065325, 'gamma': 'scale', 'epsilon': 0.8668706346392596}",COMPLETE,rbf,scale,auto,,,,
16,0.7991161522115477,2025-09-22 02:19:47.532455,2025-09-22 02:19:47.535619,0 days 00:00:00.003164,0.6214819772751933,0.13898753749315815,"[0.8057603306790192, 0.8373620554166393, 0.9171619195805496, 0.7431374964745818, 0.6921589589069489]",0.07747922109950825,"{'kernel': 'rbf', 'C': 0.6214819772751933, 'gamma': 0.08552958423025202, 'epsilon': 0.13898753749315815}",COMPLETE,rbf,,manual,0.08552958423025202,,,
17,0.852355022551839,2025-09-22 02:19:47.535813,2025-09-22 02:19:47.539988,0 days 00:00:00.004175,13.739583011139764,0.0007957220134056693,"[0.8631646796453816, 0.8995005117829297, 0.8799163125375158, 0.6415556138223777, 0.97763799497099]",0.11245566632754588,"{'kernel': 'rbf', 'C': 13.739583011139764, 'gamma': 'auto', 'epsilon': 0.0007957220134056693}",COMPLETE,rbf,auto,auto,,,,
18,0.82073423196712,2025-09-22 02:19:47.540277,2025-09-22 02:19:47.544233,0 days 00:00:00.003956,151.23317194702955,0.014693565956222815,"[0.8460746530083411, 0.8938452415193817, 0.8280195654724382, 0.5520158523514798, 0.9837158474839595]",0.14478467272492293,"{'kernel': 'rbf', 'C': 151.23317194702955, 'gamma': 'scale', 'epsilon': 0.014693565956222815}",COMPLETE,rbf,scale,auto,,,,
19,0.8593503417742197,2025-09-22 02:19:47.544472,2025-09-22 02:19:47.552557,0 days 00:00:00.008085,300.7395928443915,0.06312365207488471,"[0.8842404641853026, 0.9387813819283015, 0.9209269348800766, 0.6035911290806346, 0.9492117987967829]",0.12977545337079952,"{'kernel': 'rbf', 'C': 300.7395928443915, 'gamma': 0.06969165855592023, 'epsilon': 0.06312365207488471}",COMPLETE,rbf,,manual,0.06969165855592023,,,
20,0.19405910186815442,2025-09-22 02:19:47.552744,2025-09-22 02:19:47.555890,0 days 00:00:00.003146,13.231647722040448,0.0038947368676287533,"[0.5704845159763836, 0.48466467450196005, 0.0012462057203694865, -0.18212236388501735, 0.09602247702707634]",0.2879056022864805,"{'kernel': 'rbf', 'C': 13.231647722040448, 'gamma': 9.36729661507007, 'epsilon': 0.0038947368676287533}",COMPLETE,rbf,,manual,9.36729661507007,,,
21,0.840152156813644,2025-09-22 02:19:47.556117,2025-09-22 02:19:47.559194,0 days 00:00:00.003077,3.67928082784862,0.2958129870747728,"[0.9240282758220033, 0.8278975530466735, 0.8622317225576795, 0.6521365551853471, 0.9344666774565167]",0.10189993242056679,"{'kernel': 'rbf', 'C': 3.67928082784862, 'gamma': 'auto', 'epsilon': 0.2958129870747728}",COMPLETE,rbf,auto,auto,,,,
22,0.892392545911979,2025-09-22 02:19:47.559400,2025-09-22 02:19:47.562350,0 days 00:00:00.002950,2.0591514536885147,0.10129175739531251,"[0.9441777240739596, 0.8563249269634772, 0.91273295482609, 0.7669785836502976, 0.9817485400460704]",0.07497928469456329,"{'kernel': 'rbf', 'C': 2.0591514536885147, 'gamma': 'auto', 'epsilon': 0.10129175739531251}",COMPLETE,rbf,auto,auto,,,,
23,0.6255671530930369,2025-09-22 02:19:47.562533,2025-09-22 02:19:47.565390,0 days 00:00:00.002857,0.28915931616144414,0.09424867212814321,"[0.6858553867672526, 0.619322268230833, 0.7836681821417254, 0.6292007788449727, 0.4097891494804011]",0.12267269881429449,"{'kernel': 'rbf', 'C': 0.28915931616144414, 'gamma': 'auto', 'epsilon': 0.09424867212814321}",COMPLETE,rbf,auto,auto,,,,
24,0.7594700605631729,2025-09-22 02:19:47.565598,2025-09-22 02:19:47.568312,0 days 00:00:00.002714,23.98772400833184,0.5017713621336573,"[0.8864610993068874, 0.7584633313895278, 0.7596135961049614, 0.5235526299593289, 0.8692596460551592]",0.1294901889507542,"{'kernel': 'rbf', 'C': 23.98772400833184, 'gamma': 'auto', 'epsilon': 0.5017713621336573}",COMPLETE,rbf,auto,auto,,,,
25,0.8069434476965889,2025-09-22 02:19:47.568499,2025-09-22 02:19:47.571404,0 days 00:00:00.002905,1.481214139276532,0.3684323662816247,"[0.9131570427471059, 0.8016475224337654, 0.8342725824711767, 0.5956097782077704, 0.8900303126231262]",0.11280213046605284,"{'kernel': 'rbf', 'C': 1.481214139276532, 'gamma': 'scale', 'epsilon': 0.3684323662816247}",COMPLETE,rbf,scale,auto,,,,
26,0.8160985013186945,2025-09-22 02:19:47.571623,2025-09-22 02:19:47.575581,0 days 00:00:00.003958,149.379255558368,0.011121737476875837,"[0.8416938516121827, 0.8952770273593532, 0.8255205838251781, 0.5365243208687984, 0.9814767229279603]",0.15001654251331825,"{'kernel': 'rbf', 'C': 149.379255558368, 'gamma': 'auto', 'epsilon': 0.011121737476875837}",COMPLETE,rbf,auto,auto,,,,
27,0.620342196514052,2025-09-22 02:19:47.575854,2025-09-22 02:19:47.578711,0 days 00:00:00.002857,0.2705959812553504,0.07915899825790579,"[0.6661934317467411, 0.6037763926848622, 0.7804231616181567, 0.6564103024569464, 0.3949076940635541]",0.12658933618511758,"{'kernel': 'rbf', 'C': 0.2705959812553504, 'gamma': 'auto', 'epsilon': 0.07915899825790579}",COMPLETE,rbf,auto,auto,,,,
28,-0.10381765114701487,2025-09-22 02:19:47.578900,2025-09-22 02:19:47.582062,0 days 00:00:00.003162,1.9805321791897936,0.026481722682584623,"[-0.019059105007753985, 0.0031010967686015967, 0.0018824972068444135, -0.23552507178345872, -0.26948767291930764]",0.12213234782501263,"{'kernel': 'rbf', 'C': 1.9805321791897936, 'gamma': 2.51385022183847e-05, 'epsilon': 0.026481722682584623}",COMPLETE,rbf,,manual,2.51385022183847e-05,,,
29,0.9123176205631459,2025-09-22 02:19:47.582245,2025-09-22 02:19:47.586444,0 days 00:00:00.004199,34.37549156574652,0.005361519687359381,"[0.9038264297199474, 0.8725182921113148, 0.9616310100540775, 0.884526420788424, 0.939085950141966]",0.03339698041319157,"{'kernel': 'rbf', 'C': 34.37549156574652, 'gamma': 0.03939515533102652, 'epsilon': 0.005361519687359381}",COMPLETE,rbf,,manual,0.03939515533102652,,,
30,0.9268804715417384,2025-09-22 02:19:47.586759,2025-09-22 02:19:47.590517,0 days 00:00:00.003758,14.016390896678924,0.005250546808660416,"[0.9094681412948726, 0.9260762280591899, 0.9721489156733704, 0.8880515779281567, 0.9386574947531025]",0.028282324307877086,"{'kernel': 'rbf', 'C': 14.016390896678924, 'gamma': 0.0339398268675231, 'epsilon': 0.005250546808660416}",COMPLETE,rbf,,manual,0.0339398268675231,,,
31,0.9130693745858445,2025-09-22 02:19:47.590765,2025-09-22 02:19:47.595033,0 days 00:00:00.004268,21.94673510750155,0.006036289668775629,"[0.9159439044951778, 0.8755223968714071, 0.9623694372612718, 0.8618389470990195, 0.9496721872023458]",0.039529374468642194,"{'kernel': 'rbf', 'C': 21.94673510750155, 'gamma': 0.05339483460808205, 'epsilon': 0.006036289668775629}",COMPLETE,rbf,,manual,0.05339483460808205,,,
32,0.9231163946444347,2025-09-22 02:19:47.595246,2025-09-22 02:19:47.599333,0 days 00:00:00.004087,20.546202911539524,0.004625077031149771,"[0.89774278908096, 0.8982038553494186, 0.9688736368212607, 0.9078083887524782, 0.942953303218056]",0.028234792973179778,"{'kernel': 'rbf', 'C': 20.546202911539524, 'gamma': 0.04321420868095871, 'epsilon': 0.004625077031149771}",COMPLETE,rbf,,manual,0.04321420868095871,,,
33,0.904566197803492,2025-09-22 02:19:47.599558,2025-09-22 02:19:47.603013,0 days 00:00:00.003455,12.989665926592336,0.006804084462682175,"[0.9068974160054971, 0.9153159585755557, 0.9549334258813079, 0.8365660000286217, 0.9091181885264771]",0.03821674270831649,"{'kernel': 'rbf', 'C': 12.989665926592336, 'gamma': 0.02140849416809864, 'epsilon': 0.006804084462682175}",COMPLETE,rbf,,manual,0.02140849416809864,,,
34,0.8371180467741872,2025-09-22 02:19:47.603212,2025-09-22 02:19:47.607404,0 days 00:00:00.004192,20.57776039190365,0.002601700763309594,"[0.8394760780611494, 0.8975937049835959, 0.8639104729296294, 0.6053406761279911, 0.9792693017685701]",0.12514665675666173,"{'kernel': 'rbf', 'C': 20.57776039190365, 'gamma': 0.27068704906757257, 'epsilon': 0.002601700763309594}",COMPLETE,rbf,,manual,0.27068704906757257,,,
35,0.8221911599775069,2025-09-22 02:19:47.607677,2025-09-22 02:19:47.611028,0 days 00:00:00.003351,6.992642213902354,0.000668254624074672,"[0.8032366152848358, 0.8614623513335836, 0.8865442672716424, 0.7820844543353265, 0.7776281116621464]",0.043902703256333164,"{'kernel': 'rbf', 'C': 6.992642213902354, 'gamma': 0.010619184324103007, 'epsilon': 0.000668254624074672}",COMPLETE,rbf,,manual,0.010619184324103007,,,
36,0.7918988810473471,2025-09-22 02:19:47.611242,2025-09-22 02:19:47.615777,0 days 00:00:00.004535,329.2855462865399,0.006355943146348717,"[0.8201239726057478, 0.8782822695088367, 0.7859492291318722, 0.4975214380916785, 0.9776174958985998]",0.16089973696489993,"{'kernel': 'rbf', 'C': 329.2855462865399, 'gamma': 0.2358523124314896, 'epsilon': 0.006355943146348717}",COMPLETE,rbf,,manual,0.2358523124314896,,,
37,0.919261291791521,2025-09-22 02:19:47.615972,2025-09-22 02:19:47.619712,0 days 00:00:00.003740,28.61451574997677,0.016209123705590876,"[0.9073023146703502, 0.9287405497249219, 0.9639306062542644, 0.8684985363209288, 0.9278344519871399]",0.03123644518196965,"{'kernel': 'rbf', 'C': 28.61451574997677, 'gamma': 0.01796859536306233, 'epsilon': 0.016209123705590876}",COMPLETE,rbf,,manual,0.01796859536306233,,,
38,0.8254583159740919,2025-09-22 02:19:47.619921,2025-09-22 02:19:47.623321,0 days 00:00:00.003400,4.203827607666857,0.01698558420651981,"[0.8218923320964694, 0.8426933469175738, 0.9089228353893252, 0.7975808487892722, 0.7562022166778196]",0.05069447504458434,"{'kernel': 'rbf', 'C': 4.203827607666857, 'gamma': 0.013607909249438738, 'epsilon': 0.01698558420651981}",COMPLETE,rbf,,manual,0.013607909249438738,,,
39,0.8136605970293033,2025-09-22 02:19:47.623618,2025-09-22 02:19:47.627050,0 days 00:00:00.003432,8.505893546108883,0.002124195044056686,"[0.7728715821318977, 0.817736177054596, 0.9096920861686891, 0.8310543034932983, 0.7369488362980352]",0.0584630417515515,"{'kernel': 'rbf', 'C': 8.505893546108883, 'gamma': 0.00549225359183287, 'epsilon': 0.002124195044056686}",COMPLETE,rbf,,manual,0.00549225359183287,,,
40,0.8638277947627552,2025-09-22 02:19:47.627249,2025-09-22 02:19:47.631984,0 days 00:00:00.004735,28.315983590014923,0.009516000973790732,"[0.8914576236550928, 0.9188397666806322, 0.8718028867308146, 0.6599690824915587, 0.9770696142556777]",0.10792164828406789,"{'kernel': 'rbf', 'C': 28.315983590014923, 'gamma': 0.1461364569882641, 'epsilon': 0.009516000973790732}",COMPLETE,rbf,,manual,0.1461364569882641,,,
41,0.9320926448492178,2025-09-22 02:19:47.632219,2025-09-22 02:19:47.636263,0 days 00:00:00.004044,31.182994386391506,0.005010724112037176,"[0.8988664448617081, 0.9340675219355972, 0.9712028343565609, 0.9221716645640602, 0.9341547585281627]",0.023410107180702786,"{'kernel': 'rbf', 'C': 31.182994386391506, 'gamma': 0.03032477876319144, 'epsilon': 0.005010724112037176}",COMPLETE,rbf,,manual,0.03032477876319144,,,
42,0.8914647774215594,2025-09-22 02:19:47.636464,2025-09-22 02:19:47.642695,0 days 00:00:00.006231,65.31323823043108,0.00390874001439158,"[0.9181807497818869, 0.8612423750649356, 0.9496412045718221, 0.794411895589068, 0.9338476621000841]",0.05696877082226354,"{'kernel': 'rbf', 'C': 65.31323823043108, 'gamma': 0.0446376133600278, 'epsilon': 0.00390874001439158}",COMPLETE,rbf,,manual,0.0446376133600278,,,
43,0.9356154224025779,2025-09-22 02:19:47.643072,2025-09-22 02:19:47.647948,0 days 00:00:00.004876,90.34022115048741,0.009000785410720738,"[0.9074801310155725, 0.9451086911550126, 0.9739639771854699, 0.9267484482902714, 0.9247758643665629]",0.022576304725523955,"{'kernel': 'rbf', 'C': 90.34022115048741, 'gamma': 0.016585319738480906, 'epsilon': 0.009000785410720738}",COMPLETE,rbf,,manual,0.016585319738480906,,,
44,0.9322265942137962,2025-09-22 02:19:47.648220,2025-09-22 02:19:47.655564,0 days 00:00:00.007344,399.6668152754592,0.009301268681938736,"[0.9000703864044586, 0.9439610606022614, 0.9673596886403457, 0.9337007122640273, 0.9160411231578882]",0.02310928914273142,"{'kernel': 'rbf', 'C': 399.6668152754592, 'gamma': 0.011799871347315293, 'epsilon': 0.009301268681938736}",COMPLETE,rbf,,manual,0.011799871347315293,,,
45,0.9182851318592669,2025-09-22 02:19:47.655819,2025-09-22 02:19:47.661552,0 days 00:00:00.005733,398.52384925383194,0.0012966096972524498,"[0.899703911369945, 0.9260060340176871, 0.9731736862410596, 0.8749202267740336, 0.9176218008936086]",0.032553287048029435,"{'kernel': 'rbf', 'C': 398.52384925383194, 'gamma': 0.0055723648855620775, 'epsilon': 0.0012966096972524498}",COMPLETE,rbf,,manual,0.0055723648855620775,,,
46,0.8167701343435129,2025-09-22 02:19:47.661766,2025-09-22 02:19:47.665140,0 days 00:00:00.003374,93.84823871173249,0.002897434597213135,"[0.7899541472304475, 0.8262494471655895, 0.901760019891383, 0.8147499965579971, 0.751137060872147]",0.04968705358911334,"{'kernel': 'rbf', 'C': 93.84823871173249, 'gamma': 0.0014582795091538003, 'epsilon': 0.002897434597213135}",COMPLETE,rbf,,manual,0.0014582795091538003,,,
47,0.8394213610291427,2025-09-22 02:19:47.665338,2025-09-22 02:19:47.669034,0 days 00:00:00.003696,452.96423749524746,0.04265754067870221,"[0.9296297534564102, 0.7982952640726605, 0.8650865950527951, 0.6295874801900643, 0.9745077123737833]",0.120636805345857,"{'kernel': 'rbf', 'C': 452.96423749524746, 'gamma': 0.42806206674713204, 'epsilon': 0.04265754067870221}",COMPLETE,rbf,,manual,0.42806206674713204,,,
48,0.849469462248275,2025-09-22 02:19:47.669223,2025-09-22 02:19:47.673043,0 days 00:00:00.003820,215.7995105380128,0.00801663282202966,"[0.8597966379473085, 0.8967315721148482, 0.8923636698823706, 0.7974499930951594, 0.8010054382016885]",0.042976871531733706,"{'kernel': 'rbf', 'C': 215.7995105380128, 'gamma': 0.0019452619576771281, 'epsilon': 0.00801663282202966}",COMPLETE,rbf,,manual,0.0019452619576771281,,,
49,0.8186014057285782,2025-09-22 02:19:47.673307,2025-09-22 02:19:47.677272,0 days 00:00:00.003965,756.9577301258257,0.0005267579835614499,"[0.8185976595163846, 0.8683704347675277, 0.8740627659509526, 0.7604674426766163, 0.7715087257314087]",0.04722329279639987,"{'kernel': 'rbf', 'C': 756.9577301258257, 'gamma': 0.0007077151058615226, 'epsilon': 0.0005267579835614499}",COMPLETE,rbf,,manual,0.0007077151058615226,,,
0,0.8508753296443358,2025-09-22 02:19:47.683295,2025-09-22 02:19:47.685767,0 days 00:00:00.002472,17.423847570785796,0.2834090429514773,"[0.8933769655101602, 0.8997920723911161, 0.8831920230509125, 0.723171333270744, 0.8548442539987454]",0.06567749766134193,"{'kernel': 'poly', 'C': 17.423847570785796, 'degree': 4, 'coef0': 7.712703466859457, 'gamma': 4.956947932799954e-05, 'epsilon': 0.2834090429514773}",COMPLETE,poly,,manual,4.956947932799954e-05,7.712703466859457,4.0,
1,0.7812021324274474,2025-09-22 02:19:47.685985,2025-09-22 02:19:47.692244,0 days 00:00:00.006259,5.492736444508447,0.035500125258511595,"[0.8682905338867543, 0.680737719908336, 0.8996686526792643, 0.5865377588214022, 0.8707759968414805]",0.12460296931423365,"{'kernel': 'poly', 'C': 5.492736444508447, 'degree': 3, 'coef0': 0.6355835028602363, 'gamma': 0.2385816677142883, 'epsilon': 0.035500125258511595}",COMPLETE,poly,,manual,0.2385816677142883,0.6355835028602363,3.0,
2,0.9409268099458462,2025-09-22 02:19:47.692499,2025-09-22 02:19:47.705584,0 days 00:00:00.013085,210.511805196087,0.12130221181165159,"[0.93149447923137, 0.9294003129509552, 0.9624500866033369, 0.9367957787585579, 0.9444933921850112]",0.011957143147879781,"{'kernel': 'poly', 'C': 210.511805196087, 'degree': 3, 'coef0': 1.195942459383017, 'gamma': 0.023316490638960616, 'epsilon': 0.12130221181165159}",COMPLETE,poly,,manual,0.023316490638960616,1.195942459383017,3.0,
3,0.20765470587612972,2025-09-22 02:19:47.705859,2025-09-22 02:19:47.707916,0 days 00:00:00.002057,0.9178539435251557,0.035127047262708454,"[0.2872590087423078, 0.34329786525934003, 0.29358450777587475, 0.03422942669244289, 0.07990272091068318]",0.12531299988377106,"{'kernel': 'poly', 'C': 0.9178539435251557, 'degree': 4, 'coef0': 4.275410183585496, 'gamma': 1.5437434009292235e-05, 'epsilon': 0.035127047262708454}",COMPLETE,poly,,manual,1.5437434009292235e-05,4.275410183585496,4.0,
4,0.7014988430111194,2025-09-22 02:19:47.708116,2025-09-22 02:19:47.745918,0 days 00:00:00.037802,0.0769371131264886,0.0008226074946221043,"[0.819936628838833, 0.7979327982442215, 0.7129225727608723, 0.2300641218942987, 0.9466380933173716]",0.24730607220619255,"{'kernel': 'poly', 'C': 0.0769371131264886, 'degree': 4, 'coef0': 9.07566473926093, 'gamma': 0.34143405132091054, 'epsilon': 0.0008226074946221043}",COMPLETE,poly,,manual,0.34143405132091054,9.07566473926093,4.0,
5,0.39658713951954017,2025-09-22 02:19:47.746186,2025-09-22 02:19:47.748141,0 days 00:00:00.001955,0.002896539524275864,0.16394127471631598,"[0.5331985183992186, 0.5784429131902316, 0.3889283634075855, 0.20067170528702694, 0.2816941973136382]",0.1437887990405016,"{'kernel': 'poly', 'C': 0.002896539524275864, 'degree': 3, 'coef0': 1.6122128725400442, 'gamma': 'auto', 'epsilon': 0.16394127471631598}",COMPLETE,poly,auto,auto,,1.6122128725400442,3.0,
6,0.8166978934142086,2025-09-22 02:19:47.748350,2025-09-22 02:19:47.750275,0 days 00:00:00.001925,0.013164984536291755,0.00027555462077796626,"[0.803909280919257, 0.8155753808526726, 0.9228611122364195, 0.8317861010430662, 0.709357592019628]",0.06809556811954857,"{'kernel': 'poly', 'C': 0.013164984536291755, 'degree': 5, 'coef0': 5.393422419156507, 'gamma': 0.000809134743599756, 'epsilon': 0.00027555462077796626}",COMPLETE,poly,,manual,0.000809134743599756,5.393422419156507,5.0,
7,0.933120985988435,2025-09-22 02:19:47.750455,2025-09-22 02:19:47.753503,0 days 00:00:00.003048,0.023313687737449337,0.0007734482156646796,"[0.9099686430234636, 0.947902011075483, 0.9760762877665219, 0.929023505201914, 0.9026344828747928]",0.02663037310715772,"{'kernel': 'poly', 'C': 0.023313687737449337, 'degree': 3, 'coef0': 8.18014765922493, 'gamma': 'scale', 'epsilon': 0.0007734482156646796}",COMPLETE,poly,scale,auto,,8.18014765922493,3.0,
8,0.897741937701619,2025-09-22 02:19:47.753698,2025-09-22 02:19:47.756016,0 days 00:00:00.002318,0.005238322156582357,0.0028478585168562965,"[0.9225915900469145, 0.9211790568566693, 0.9355147384220922, 0.8483903474364982, 0.8610339557459209]",0.03571174499011461,"{'kernel': 'poly', 'C': 0.005238322156582357, 'degree': 3, 'coef0': 9.429097039125192, 'gamma': 0.1652394547995709, 'epsilon': 0.0028478585168562965}",COMPLETE,poly,,manual,0.1652394547995709,9.429097039125192,3.0,
9,0.436517994875107,2025-09-22 02:19:47.756260,2025-09-22 02:19:47.768130,0 days 00:00:00.011870,677.1618710774369,0.027431991397796677,"[0.5691146650225685, 0.8293944137876463, 0.5822911044796897, -0.5853286850378714, 0.7871184761235022]",0.5215888978220892,"{'kernel': 'poly', 'C': 677.1618710774369, 'degree': 5, 'coef0': 2.5178229582536416, 'gamma': 'scale', 'epsilon': 0.027431991397796677}",COMPLETE,poly,scale,auto,,2.5178229582536416,5.0,
10,0.6264766821130314,2025-09-22 02:19:47.768369,2025-09-22 02:19:47.771956,0 days 00:00:00.003587,632.0255260544478,0.9632619008569053,"[0.7347210237197479, 0.7599000127727015, 0.6425335689218541, 0.30761840465865653, 0.6876104004921968]",0.1644289383850767,"{'kernel': 'poly', 'C': 632.0255260544478, 'degree': 2, 'coef0': 3.6443261331378194, 'gamma': 'auto', 'epsilon': 0.9632619008569053}",COMPLETE,poly,auto,auto,,3.6443261331378194,2.0,
11,0.9032704364360225,2025-09-22 02:19:47.772229,2025-09-22 02:19:47.776735,0 days 00:00:00.004506,0.09918548646647635,0.00012693601644598373,"[0.9111130690637688, 0.9160169693666813, 0.9442040792852862, 0.8519340114859288, 0.8930840529784472]",0.030458939705113167,"{'kernel': 'poly', 'C': 0.09918548646647635, 'degree': 2, 'coef0': 6.8323952551554745, 'gamma': 'scale', 'epsilon': 0.00012693601644598373}",COMPLETE,poly,scale,auto,,6.8323952551554745,2.0,
12,-0.03569770467739204,2025-09-22 02:19:47.776970,2025-09-22 02:19:48.851832,0 days 00:00:01.074862,42.064907651790065,0.004003001969583581,"[-0.07266785881816928, 0.06981679260701867, 0.6853194050721667, -1.1375056329100763, 0.27654877066210004]",0.6072634265398037,"{'kernel': 'poly', 'C': 42.064907651790065, 'degree': 3, 'coef0': 6.105443519032434, 'gamma': 'scale', 'epsilon': 0.004003001969583581}",COMPLETE,poly,scale,auto,,6.105443519032434,3.0,
13,0.8529056291074214,2025-09-22 02:19:48.852169,2025-09-22 02:19:48.856501,0 days 00:00:00.004332,1.449655109413404,0.0011548393233065716,"[0.8927423816298874, 0.8756854598975705, 0.8788705760139967, 0.6740121177972017, 0.9432176101984511]",0.09267060842328757,"{'kernel': 'poly', 'C': 1.449655109413404, 'degree': 2, 'coef0': 0.07750009084279408, 'gamma': 'scale', 'epsilon': 0.0011548393233065716}",COMPLETE,poly,scale,auto,,0.07750009084279408,2.0,
14,-0.4892591933259579,2025-09-22 02:19:48.856909,2025-09-22 02:19:50.550317,0 days 00:00:01.693408,0.08931128633479389,0.00701796225391552,"[-0.8710463921113842, -0.05802325727116853, -0.5270251893911098, -1.1363096377679058, 0.14610850991177826]",0.4807324753187337,"{'kernel': 'poly', 'C': 0.08931128633479389, 'degree': 3, 'coef0': 8.056846650698956, 'gamma': 7.247939917164853, 'epsilon': 0.00701796225391552}",COMPLETE,poly,,manual,7.247939917164853,8.056846650698956,3.0,
15,0.9424475469199051,2025-09-22 02:19:50.550644,2025-09-22 02:19:50.554839,0 days 00:00:00.004195,0.02480885147102573,0.08797777609598795,"[0.9556282984403748, 0.9275989243349358, 0.9613515832695112, 0.9201366665340858, 0.9475222620206175]",0.015969373879812496,"{'kernel': 'poly', 'C': 0.02480885147102573, 'degree': 4, 'coef0': 2.749128819305917, 'gamma': 'scale', 'epsilon': 0.08797777609598795}",COMPLETE,poly,scale,auto,,2.749128819305917,4.0,
16,0.854507495639036,2025-09-22 02:19:50.555197,2025-09-22 02:19:50.558931,0 days 00:00:00.003734,0.001020234653441649,0.18282996031950308,"[0.9263709583837849, 0.9001850974428858, 0.8066234915030989, 0.7521326491576102, 0.8872252817078002]",0.06495343124676992,"{'kernel': 'poly', 'C': 0.001020234653441649, 'degree': 4, 'coef0': 2.8410716046858004, 'gamma': 'auto', 'epsilon': 0.18282996031950308}",COMPLETE,poly,auto,auto,,2.8410716046858004,4.0,
17,0.727442648849507,2025-09-22 02:19:50.559166,2025-09-22 02:19:50.562702,0 days 00:00:00.003536,114.2726662811226,0.7701602609506343,"[0.8294386653489374, 0.8599375374514058, 0.7726553272718077, 0.37749790876283085, 0.7976838054125532]",0.1774245813674902,"{'kernel': 'poly', 'C': 114.2726662811226, 'degree': 5, 'coef0': 1.507892639881321, 'gamma': 0.00784334248606373, 'epsilon': 0.7701602609506343}",COMPLETE,poly,,manual,0.00784334248606373,1.507892639881321,5.0,
18,0.8520428818292567,2025-09-22 02:19:50.562915,2025-09-22 02:19:50.568357,0 days 00:00:00.005442,1.1777850996535328,0.07906372258048165,"[0.8839273213901551, 0.9532316621540979, 0.9350649447383667, 0.5822296499948956, 0.9057608308687686]",0.13699142148422294,"{'kernel': 'poly', 'C': 1.1777850996535328, 'degree': 4, 'coef0': 1.8836229810948724, 'gamma': 'scale', 'epsilon': 0.07906372258048165}",COMPLETE,poly,scale,auto,,1.8836229810948724,4.0,
19,0.8148476009864171,2025-09-22 02:19:50.568566,2025-09-22 02:19:50.572398,0 days 00:00:00.003832,0.32660469269582,0.012661419033592754,"[0.7812696878347766, 0.8080937022589294, 0.9109756500997213, 0.838109843440803, 0.7357891212978551]",0.05866015404112657,"{'kernel': 'poly', 'C': 0.32660469269582, 'degree': 4, 'coef0': 3.980372674106201, 'gamma': 0.0023701672079315308, 'epsilon': 0.012661419033592754}",COMPLETE,poly,,manual,0.0023701672079315308,3.980372674106201,4.0,
20,0.8372005787537035,2025-09-22 02:19:50.572830,2025-09-22 02:19:50.581180,0 days 00:00:00.008350,6.322183444674458,0.07538495517709935,"[0.8678194991729841, 0.9571827006171876, 0.9048785555172503, 0.5400004307679648, 0.9161217076931306]",0.1513076395620076,"{'kernel': 'poly', 'C': 6.322183444674458, 'degree': 5, 'coef0': 3.1047230067606946, 'gamma': 'auto', 'epsilon': 0.07538495517709935}",COMPLETE,poly,auto,auto,,3.1047230067606946,5.0,
21,0.933246136701152,2025-09-22 02:19:50.581420,2025-09-22 02:19:50.585254,0 days 00:00:00.003834,0.014016010445119347,0.01356730754444179,"[0.9239790354985368, 0.9357782257341877, 0.9765748806561753, 0.9062227756797706, 0.9236757659370893]",0.023628477436111867,"{'kernel': 'poly', 'C': 0.014016010445119347, 'degree': 3, 'coef0': 5.0737538930607, 'gamma': 'scale', 'epsilon': 0.01356730754444179}",COMPLETE,poly,scale,auto,,5.0737538930607,3.0,
22,0.9367007974608275,2025-09-22 02:19:50.585472,2025-09-22 02:19:50.590070,0 days 00:00:00.004598,0.02528459016947551,0.014069061416751115,"[0.9173816901190898, 0.9427692336130606, 0.9757273977386718, 0.9309382877125594, 0.916687378120756]",0.02175717273609963,"{'kernel': 'poly', 'C': 0.02528459016947551, 'degree': 3, 'coef0': 5.5738169299021045, 'gamma': 'scale', 'epsilon': 0.014069061416751115}",COMPLETE,poly,scale,auto,,5.5738169299021045,3.0,
23,0.8514208037653731,2025-09-22 02:19:50.590354,2025-09-22 02:19:50.594269,0 days 00:00:00.003915,0.20803724948134947,0.3847267842836771,"[0.8902134608927469, 0.9225336904226511, 0.8977832348724595, 0.6392977697165326, 0.9072758629224759]",0.10660896502773222,"{'kernel': 'poly', 'C': 0.20803724948134947, 'degree': 2, 'coef0': 0.9078712765760952, 'gamma': 'scale', 'epsilon': 0.3847267842836771}",COMPLETE,poly,scale,auto,,0.9078712765760952,2.0,
24,0.6877591191223321,2025-09-22 02:19:50.594524,2025-09-22 02:19:51.589289,0 days 00:00:00.994765,126.04780514057803,0.09144362973680835,"[0.8446569688050216, 0.8822398297107952, 0.9284114543282382, 0.25660607939667546, 0.5268812633709303]",0.2577315877427304,"{'kernel': 'poly', 'C': 126.04780514057803, 'degree': 3, 'coef0': 6.196734167699981, 'gamma': 'scale', 'epsilon': 0.09144362973680835}",COMPLETE,poly,scale,auto,,6.196734167699981,3.0,
25,0.9050820218488207,2025-09-22 02:19:51.589605,2025-09-22 02:19:51.593951,0 days 00:00:00.004346,0.03865478977425989,0.02045369635866525,"[0.9423754009701292, 0.8691952021685415, 0.9509097563311307, 0.8269504425114126, 0.9359793072628895]",0.048658045864066,"{'kernel': 'poly', 'C': 0.03865478977425989, 'degree': 4, 'coef0': 2.364255217778016, 'gamma': 'scale', 'epsilon': 0.02045369635866525}",COMPLETE,poly,scale,auto,,2.364255217778016,4.0,
26,-0.11265033036794195,2025-09-22 02:19:51.594335,2025-09-22 02:19:51.598024,0 days 00:00:00.003689,0.0056503362274214165,0.05962236782585634,"[-0.02319026583069994, -0.0013230864783140284, -0.006574979187038421, -0.23192325997501118, -0.30024006036864614]",0.12733010409640777,"{'kernel': 'poly', 'C': 0.0056503362274214165, 'degree': 3, 'coef0': 4.152056613807656, 'gamma': 0.00020715680996960276, 'epsilon': 0.05962236782585634}",COMPLETE,poly,,manual,0.00020715680996960276,4.152056613807656,3.0,
27,0.13773760587605283,2025-09-22 02:19:51.598233,2025-09-22 02:19:51.602254,0 days 00:00:00.004021,0.0012783728300549072,0.0059994003629125865,"[0.2052486478936606, 0.24899694224733082, 0.20042910866608488, -0.00012378560358072832, 0.03413711617676851]",0.10060360825813881,"{'kernel': 'poly', 'C': 0.0012783728300549072, 'degree': 2, 'coef0': 4.712491542807767, 'gamma': 'scale', 'epsilon': 0.0059994003629125865}",COMPLETE,poly,scale,auto,,4.712491542807767,2.0,
28,0.9376848976173244,2025-09-22 02:19:51.602506,2025-09-22 02:19:51.607627,0 days 00:00:00.005121,0.29732359597314434,0.1499746510251259,"[0.9239618984524366, 0.9299555525614729, 0.9553612340243479, 0.9378059078819723, 0.9413398951663925]",0.01071344949504161,"{'kernel': 'poly', 'C': 0.29732359597314434, 'degree': 4, 'coef0': 3.3531574177000425, 'gamma': 0.059582619343921686, 'epsilon': 0.1499746510251259}",COMPLETE,poly,,manual,0.059582619343921686,3.3531574177000425,4.0,
29,0.9204447262690693,2025-09-22 02:19:51.607892,2025-09-22 02:19:51.612639,0 days 00:00:00.004747,5.194334170917595,0.2865077545367591,"[0.9163509324188388, 0.9312019881514524, 0.9271395413899854, 0.8952707303362266, 0.9322604390488427]",0.013788687541013358,"{'kernel': 'poly', 'C': 5.194334170917595, 'degree': 4, 'coef0': 3.314635006322579, 'gamma': 0.03596296113145455, 'epsilon': 0.2865077545367591}",COMPLETE,poly,,manual,0.03596296113145455,3.314635006322579,4.0,
30,0.2101376818938153,2025-09-22 02:19:51.612984,2025-09-22 02:19:51.616915,0 days 00:00:00.003931,0.4363011780300158,0.4176612504108901,"[0.7015224455197973, -0.3305567933813416, -0.20608957435957875, 0.43733333360746607, 0.4484789980827335]",0.4038512294212621,"{'kernel': 'poly', 'C': 0.4363011780300158, 'degree': 5, 'coef0': 0.9614602827907563, 'gamma': 3.111598748930336, 'epsilon': 0.4176612504108901}",COMPLETE,poly,,manual,3.111598748930336,0.9614602827907563,5.0,
31,0.9317683930373235,2025-09-22 02:19:51.617139,2025-09-22 02:19:51.621736,0 days 00:00:00.004597,0.04305661390140112,0.11434438424754081,"[0.9241506654591148, 0.921318344453553, 0.9649212785300492, 0.9133011047414706, 0.9351505720024298]",0.01799348202492723,"{'kernel': 'poly', 'C': 0.04305661390140112, 'degree': 4, 'coef0': 7.270124884143546, 'gamma': 0.03245449130351683, 'epsilon': 0.11434438424754081}",COMPLETE,poly,,manual,0.03245449130351683,7.270124884143546,4.0,
32,0.8465937420039257,2025-09-22 02:19:51.621984,2025-09-22 02:19:51.628190,0 days 00:00:00.006206,0.22553384679123778,0.05324840505071788,"[0.7950669102596946, 0.8820408815358632, 0.8449993963027491, 0.7579916950199412, 0.9528698269013803]",0.06791021275138666,"{'kernel': 'poly', 'C': 0.22553384679123778, 'degree': 4, 'coef0': 2.103354193887549, 'gamma': 1.072834768334769, 'epsilon': 0.05324840505071788}",COMPLETE,poly,,manual,1.072834768334769,2.103354193887549,4.0,
33,0.757694079012259,2025-09-22 02:19:51.628441,2025-09-22 02:19:51.632175,0 days 00:00:00.003734,0.009468205839659094,0.18268947121178325,"[0.767624120284031, 0.8003004809433469, 0.8216290959845027, 0.7277780477720754, 0.6711386500773393]",0.05364402819267989,"{'kernel': 'poly', 'C': 0.009468205839659094, 'degree': 3, 'coef0': 5.768752222057466, 'gamma': 0.027474635045424335, 'epsilon': 0.18268947121178325}",COMPLETE,poly,,manual,0.027474635045424335,5.768752222057466,3.0,
34,0.9135294652778525,2025-09-22 02:19:51.632411,2025-09-22 02:19:51.638188,0 days 00:00:00.005777,2.526711216728477,0.04492965358111355,"[0.9203571069706978, 0.9249943007132112, 0.9448957445096678, 0.8692918277009719, 0.9081083464947138]",0.025092866407560074,"{'kernel': 'poly', 'C': 2.526711216728477, 'degree': 4, 'coef0': 4.545786034545325, 'gamma': 0.005143025929609167, 'epsilon': 0.04492965358111355}",COMPLETE,poly,,manual,0.005143025929609167,4.545786034545325,4.0,
35,0.13831334230991674,2025-09-22 02:19:51.638427,2025-09-22 02:19:51.642632,0 days 00:00:00.004205,0.5566933090074871,0.02127389054443356,"[0.21521932965210544, 0.25943395009652914, 0.21675085758292345, -0.012586975119982968, 0.012749549338008648]",0.11425790845960304,"{'kernel': 'poly', 'C': 0.5566933090074871, 'degree': 3, 'coef0': 1.2969223344166145, 'gamma': 0.0011371975112608604, 'epsilon': 0.02127389054443356}",COMPLETE,poly,,manual,0.0011371975112608604,1.2969223344166145,3.0,
36,0.8152655516975911,2025-09-22 02:19:51.642866,2025-09-22 02:19:51.646692,0 days 00:00:00.003826,17.002880605153454,0.5294171066379617,"[0.8570663744702209, 0.905740854272266, 0.777203091959822, 0.6960010919446291, 0.8403163458410173]",0.07243396116342016,"{'kernel': 'poly', 'C': 17.002880605153454, 'degree': 4, 'coef0': 0.47501295809505006, 'gamma': 0.06102125168693365, 'epsilon': 0.5294171066379617}",COMPLETE,poly,,manual,0.06102125168693365,0.47501295809505006,4.0,
37,0.9488513374023002,2025-09-22 02:19:51.646897,2025-09-22 02:19:51.651173,0 days 00:00:00.004276,0.03310552610217494,0.1420921892000485,"[0.947519951863152, 0.9454005412603343, 0.9633345627674729, 0.9474870332394884, 0.9405145978810537]",0.007678632041443565,"{'kernel': 'poly', 'C': 0.03310552610217494, 'degree': 4, 'coef0': 3.557770700359621, 'gamma': 'scale', 'epsilon': 0.1420921892000485}",COMPLETE,poly,scale,auto,,3.557770700359621,4.0,
38,0.9276490048222117,2025-09-22 02:19:51.651374,2025-09-22 02:19:51.655998,0 days 00:00:00.004624,0.10724804671114913,0.12950237342724757,"[0.9591969686697532, 0.9675481091600193, 0.9529858546424169, 0.8235032898675305, 0.9350108017713386]",0.05315956077026701,"{'kernel': 'poly', 'C': 0.10724804671114913, 'degree': 4, 'coef0': 3.617570729750818, 'gamma': 0.6108230193934214, 'epsilon': 0.12950237342724757}",COMPLETE,poly,,manual,0.6108230193934214,3.617570729750818,4.0,
39,0.9119224474820781,2025-09-22 02:19:51.656266,2025-09-22 02:19:51.660096,0 days 00:00:00.003830,0.0029998337731831303,0.27310686512436827,"[0.9397043848250397, 0.9396801924928908, 0.9143999370980146, 0.8298809432164584, 0.9359467797779867]",0.042086680481692874,"{'kernel': 'poly', 'C': 0.0029998337731831303, 'degree': 4, 'coef0': 2.7402269994248423, 'gamma': 'auto', 'epsilon': 0.27310686512436827}",COMPLETE,poly,auto,auto,,2.7402269994248423,4.0,
40,0.9286526011412111,2025-09-22 02:19:51.660311,2025-09-22 02:19:51.664359,0 days 00:00:00.004048,0.03923779687571562,0.03326204312735139,"[0.9472693676480816, 0.8874031557372138, 0.9534121280116608, 0.9075937479602062, 0.9475846063488933]",0.026317412603217776,"{'kernel': 'poly', 'C': 0.03923779687571562, 'degree': 5, 'coef0': 2.008072472159212, 'gamma': 0.12213111706123037, 'epsilon': 0.03326204312735139}",COMPLETE,poly,,manual,0.12213111706123037,2.008072472159212,5.0,
41,0.9411731215998655,2025-09-22 02:19:51.664565,2025-09-22 02:19:51.668358,0 days 00:00:00.003793,0.0161314056159797,0.13936707731013653,"[0.9337746379860643, 0.9371612619970712, 0.9616295433379911, 0.9248587033842757, 0.9484414612939259]",0.012714454539662325,"{'kernel': 'poly', 'C': 0.0161314056159797, 'degree': 3, 'coef0': 3.6975801867336773, 'gamma': 'scale', 'epsilon': 0.13936707731013653}",COMPLETE,poly,scale,auto,,3.6975801867336773,3.0,
42,0.9296244017377117,2025-09-22 02:19:51.668563,2025-09-22 02:19:51.672601,0 days 00:00:00.004038,0.01589863385894276,0.2510106446634963,"[0.9198586292046272, 0.9393291425586057, 0.9408643710562647, 0.9044157901048124, 0.9436540757642482]",0.015153844869206649,"{'kernel': 'poly', 'C': 0.01589863385894276, 'degree': 4, 'coef0': 3.5853528543583675, 'gamma': 'scale', 'epsilon': 0.2510106446634963}",COMPLETE,poly,scale,auto,,3.5853528543583675,4.0,
43,0.9151411723624736,2025-09-22 02:19:51.672860,2025-09-22 02:19:51.676687,0 days 00:00:00.003827,0.006995020845798713,0.14660235014907289,"[0.931937486229105, 0.9348862184463212, 0.922576309956558, 0.8544414651128932, 0.9318643820674908]",0.030631305810968533,"{'kernel': 'poly', 'C': 0.006995020845798713, 'degree': 3, 'coef0': 3.1861561111143324, 'gamma': 'scale', 'epsilon': 0.14660235014907289}",COMPLETE,poly,scale,auto,,3.1861561111143324,3.0,
44,0.7138608643076045,2025-09-22 02:19:51.676912,2025-09-22 02:19:51.680640,0 days 00:00:00.003728,0.002365159688850809,0.5669461173291068,"[0.8218761162168919, 0.8484388636483164, 0.687184593748049, 0.490600613110619, 0.7212041348141467]",0.1267984379626306,"{'kernel': 'poly', 'C': 0.002365159688850809, 'degree': 3, 'coef0': 3.865341358476248, 'gamma': 'scale', 'epsilon': 0.5669461173291068}",COMPLETE,poly,scale,auto,,3.865341358476248,3.0,
45,0.9413302996598771,2025-09-22 02:19:51.680863,2025-09-22 02:19:51.685025,0 days 00:00:00.004162,0.18150492007424693,0.20489223461155817,"[0.9241543205334092, 0.9470386432452176, 0.9480098500057125, 0.9338962705165359, 0.9535524139985105]",0.01074114245761953,"{'kernel': 'poly', 'C': 0.18150492007424693, 'degree': 4, 'coef0': 4.483791079817223, 'gamma': 'scale', 'epsilon': 0.20489223461155817}",COMPLETE,poly,scale,auto,,4.483791079817223,4.0,
46,0.9231355357807868,2025-09-22 02:19:51.685225,2025-09-22 02:19:51.689007,0 days 00:00:00.003782,0.13767013117181706,0.2565212568272932,"[0.9103795030395819, 0.9351145004054439, 0.9369068824359924, 0.8924985607612133, 0.9407782322617023]",0.018685560901075465,"{'kernel': 'poly', 'C': 0.13767013117181706, 'degree': 3, 'coef0': 4.435071758464114, 'gamma': 'scale', 'epsilon': 0.2565212568272932}",COMPLETE,poly,scale,auto,,4.435071758464114,3.0,
47,0.9143446168825118,2025-09-22 02:19:51.689204,2025-09-22 02:19:51.696636,0 days 00:00:00.007432,0.057998462877118816,0.0970937803497868,"[0.9540595056670401, 0.9297137172637953, 0.9630163630866432, 0.8490423662037231, 0.8758911321913573]",0.04455440482121832,"{'kernel': 'poly', 'C': 0.057998462877118816, 'degree': 4, 'coef0': 4.951571282686199, 'gamma': 'scale', 'epsilon': 0.0970937803497868}",COMPLETE,poly,scale,auto,,4.951571282686199,4.0,
48,0.9343519581328359,2025-09-22 02:19:51.696910,2025-09-22 02:19:51.700765,0 days 00:00:00.003855,0.019523130496717344,0.05137891863503032,"[0.9389948914350856, 0.9335831594960142, 0.9603941970086773, 0.8967431677666402, 0.9420443749577619]",0.020851572967411188,"{'kernel': 'poly', 'C': 0.019523130496717344, 'degree': 3, 'coef0': 2.4773101304846907, 'gamma': 'scale', 'epsilon': 0.05137891863503032}",COMPLETE,poly,scale,auto,,2.4773101304846907,3.0,
49,0.9494406971787323,2025-09-22 02:19:51.700981,2025-09-22 02:19:51.704832,0 days 00:00:00.003851,170.4971037435674,0.20692892002735347,"[0.943835045852617, 0.955415465707414, 0.9448301309433085, 0.9420882349528286, 0.9610346084374928]",0.007441182511293317,"{'kernel': 'poly', 'C': 170.4971037435674, 'degree': 4, 'coef0': 1.6780479417526968, 'gamma': 'scale', 'epsilon': 0.20692892002735347}",COMPLETE,poly,scale,auto,,1.6780479417526968,4.0,
0,-0.08785364743289023,2025-09-22 02:19:51.712174,2025-09-22 02:19:51.714282,0 days 00:00:00.002108,1.037705549711512,0.00037982145084532605,"[-0.007869195399019091, 0.01470022251768699, 0.011830975751044304, -0.20923792423776244, -0.24869231579640094]",0.11615080955784232,"{'kernel': 'sigmoid', 'C': 1.037705549711512, 'coef0': 0.5147875124998935, 'gamma': 0.0002737608521191864, 'epsilon': 0.00037982145084532605}",COMPLETE,sigmoid,,manual,,0.5147875124998935,,0.0002737608521191864
1,-0.10755847187126336,2025-09-22 02:19:51.714466,2025-09-22 02:19:51.716326,0 days 00:00:00.001860,0.8644035895206825,0.0008923807143379785,"[-0.027972993762158227, -0.0059840215190389845, -0.004938108924788187, -0.22819475641066833, -0.270702478739663]",0.11691983262562973,"{'kernel': 'sigmoid', 'C': 0.8644035895206825, 'coef0': 9.856504541106007, 'gamma': 0.37129379546378294, 'epsilon': 0.0008923807143379785}",COMPLETE,sigmoid,,manual,,9.856504541106007,,0.37129379546378294
2,-0.0245852939592597,2025-09-22 02:19:51.716517,2025-09-22 02:19:51.718367,0 days 00:00:00.001850,23.40443124189262,0.00022969898716342104,"[0.057801386434331414, 0.08257199731536424, 0.06652936546659871, -0.15368069748549562, -0.17614852152709726]",0.11507316499015945,"{'kernel': 'sigmoid', 'C': 23.40443124189262, 'coef0': 3.677831327192532, 'gamma': 0.01639260991832771, 'epsilon': 0.00022969898716342104}",COMPLETE,sigmoid,,manual,,3.677831327192532,,0.01639260991832771
3,-390.28488126433507,2025-09-22 02:19:51.718542,2025-09-22 02:19:51.720769,0 days 00:00:00.002227,102.75784161907372,0.0001165068111898614,"[-450.6751102504794, -539.5232044106041, -19.156607163141295, -528.5734741792941, -413.49601031815655]",191.4772801834162,"{'kernel': 'sigmoid', 'C': 102.75784161907372, 'coef0': 3.2078006497173583, 'gamma': 'auto', 'epsilon': 0.0001165068111898614}",COMPLETE,sigmoid,auto,auto,,3.2078006497173583,,
4,-0.7665626473299234,2025-09-22 02:19:51.720988,2025-09-22 02:19:51.723268,0 days 00:00:00.002280,1.1818390883060221,0.5583672722754819,"[-0.5356849272248345, -0.40595228233953384, 0.46290789674061683, -1.1563997322983668, -2.1976841915274985]",0.8826124860661876,"{'kernel': 'sigmoid', 'C': 1.1818390883060221, 'coef0': 2.2649577519793795, 'gamma': 'scale', 'epsilon': 0.5583672722754819}",COMPLETE,sigmoid,scale,auto,,2.2649577519793795,,
5,0.004608220331772439,2025-09-22 02:19:51.723490,2025-09-22 02:19:51.725583,0 days 00:00:00.002093,0.006685373335828941,0.0010758866306767928,"[0.0712581205790993, 0.11193492384546233, 0.10671785026340963, -0.11711608796183692, -0.14975370506727215]",0.11404562092191693,"{'kernel': 'sigmoid', 'C': 0.006685373335828941, 'coef0': 3.410663510502585, 'gamma': 1.836691094652907, 'epsilon': 0.0010758866306767928}",COMPLETE,sigmoid,,manual,,3.410663510502585,,1.836691094652907
6,-0.16344324381639214,2025-09-22 02:19:51.725868,2025-09-22 02:19:51.727725,0 days 00:00:00.001857,9.118098432074817,0.3880279700786686,"[-0.056895434739831385, -0.001134421753026249, -0.041293248402845206, -0.3058337473745325, -0.4120593668117254]",0.16413545798206652,"{'kernel': 'sigmoid', 'C': 9.118098432074817, 'coef0': 8.172222002012159, 'gamma': 'scale', 'epsilon': 0.3880279700786686}",COMPLETE,sigmoid,scale,auto,,8.172222002012159,,
7,-0.05409326593877508,2025-09-22 02:19:51.727905,2025-09-22 02:19:51.729698,0 days 00:00:00.001793,252.64362435704464,0.3876511170911629,"[0.06757594393697974, 0.12827261453302885, 0.029318014201726972, -0.2141660387041464, -0.28146686366146456]",0.16269001086045676,"{'kernel': 'sigmoid', 'C': 252.64362435704464, 'coef0': 6.33101457273268, 'gamma': 0.22684753958641254, 'epsilon': 0.3876511170911629}",COMPLETE,sigmoid,,manual,,6.33101457273268,,0.22684753958641254
8,-0.10681732390475225,2025-09-22 02:19:51.729874,2025-09-22 02:19:51.731867,0 days 00:00:00.001993,210.14475048247203,0.026651167490553532,"[-0.0213798276752466, 0.0021171348343564933, -0.0017258190426296949, -0.2409095255096727, -0.27218858213056873]",0.12291369169899603,"{'kernel': 'sigmoid', 'C': 210.14475048247203, 'coef0': 7.798755458576238, 'gamma': 'auto', 'epsilon': 0.026651167490553532}",COMPLETE,sigmoid,auto,auto,,7.798755458576238,,
9,-0.1076592033848706,2025-09-22 02:19:51.732073,2025-09-22 02:19:51.734026,0 days 00:00:00.001953,0.0011354873746139864,0.05855726588796254,"[-0.019395380490029313, 0.0041314056925411125, -0.0015049764961860834, -0.22789369411085603, -0.2936333715198227]",0.12696384254571805,"{'kernel': 'sigmoid', 'C': 0.0011354873746139864, 'coef0': 1.014715428660321, 'gamma': 'auto', 'epsilon': 0.05855726588796254}",COMPLETE,sigmoid,auto,auto,,1.014715428660321,,
10,-0.03360196542931597,2025-09-22 02:19:51.734199,2025-09-22 02:19:51.737594,0 days 00:00:00.003395,0.0024949337330040055,0.0025724391487280435,"[0.046808534290587955, 0.060770295405580654, 0.06657550981546112, -0.14212574845796633, -0.20003841820024326]",0.11391751658154337,"{'kernel': 'sigmoid', 'C': 0.0024949337330040055, 'coef0': 4.996900155738619, 'gamma': 5.818926007181243, 'epsilon': 0.0025724391487280435}",COMPLETE,sigmoid,,manual,,4.996900155738619,,5.818926007181243
11,-0.10754287771107225,2025-09-22 02:19:51.737790,2025-09-22 02:19:51.741776,0 days 00:00:00.003986,0.07866971805568873,0.0028039369750565905,"[-0.027957506353174955, -0.005968571507384501, -0.004924077167177909, -0.2281787133193618, -0.2706855202082621]",0.1169190453894306,"{'kernel': 'sigmoid', 'C': 0.07866971805568873, 'coef0': 4.055560251979076, 'gamma': 0.0020287431221974283, 'epsilon': 0.0028039369750565905}",COMPLETE,sigmoid,,manual,,4.055560251979076,,0.0020287431221974283
12,-0.10535728001481401,2025-09-22 02:19:51.742009,2025-09-22 02:19:51.745330,0 days 00:00:00.003321,0.027161896201015518,0.00012778036692855205,"[-0.02577104247533435, -0.0036781430354124733, -0.003035918143315497, -0.22603184811883636, -0.2682694483011714]",0.11682893747754389,"{'kernel': 'sigmoid', 'C': 0.027161896201015518, 'coef0': 2.471009215442641, 'gamma': 0.03250755516465368, 'epsilon': 0.00012778036692855205}",COMPLETE,sigmoid,,manual,,2.471009215442641,,0.03250755516465368
13,-0.10755554937678524,2025-09-22 02:19:51.745536,2025-09-22 02:19:51.748816,0 days 00:00:00.003280,8.979586755094195,0.0009115093028958406,"[-0.027970459073185516, -0.005981860499156388, -0.004934944013517795, -0.22819034127963644, -0.27070014201843007]",0.11691954553590891,"{'kernel': 'sigmoid', 'C': 8.979586755094195, 'coef0': 4.700277713568053, 'gamma': 1.7232349336481177e-05, 'epsilon': 0.0009115093028958406}",COMPLETE,sigmoid,,manual,,4.700277713568053,,1.7232349336481177e-05
14,0.3480184392349976,2025-09-22 02:19:51.749022,2025-09-22 02:19:51.752339,0 days 00:00:00.003317,0.019678520188897052,0.007974116942879117,"[0.38883232882482344, 0.36324661664370206, 0.519549937933637, 0.354701654259003, 0.11376165851382225]",0.13133288292986545,"{'kernel': 'sigmoid', 'C': 0.019678520188897052, 'coef0': 6.070323587703556, 'gamma': 9.149075509836983, 'epsilon': 0.007974116942879117}",COMPLETE,sigmoid,,manual,,6.070323587703556,,9.149075509836983
15,0.20313017322102125,2025-09-22 02:19:51.752542,2025-09-22 02:19:51.756012,0 days 00:00:00.003470,0.013970277645806353,0.008458121766965518,"[0.26709711908968115, 0.2746168280225125, 0.3335702030418356, 0.11527357379492176, 0.025093142156155213]",0.11457109570152216,"{'kernel': 'sigmoid', 'C': 0.013970277645806353, 'coef0': 6.183542740050975, 'gamma': 6.203936134508959, 'epsilon': 0.008458121766965518}",COMPLETE,sigmoid,,manual,,6.183542740050975,,6.203936134508959
16,0.4777494660971485,2025-09-22 02:19:51.756254,2025-09-22 02:19:51.759626,0 days 00:00:00.003372,0.05215966819267305,0.014590639549596834,"[0.2851017404496814, 0.370681926165788, 0.7821452473889682, 0.6378452936340523, 0.31297312284725287]",0.19698493001338252,"{'kernel': 'sigmoid', 'C': 0.05215966819267305, 'coef0': 6.50992782121629, 'gamma': 9.221380325166809, 'epsilon': 0.014590639549596834}",COMPLETE,sigmoid,,manual,,6.50992782121629,,9.221380325166809
17,-0.11905186900572691,2025-09-22 02:19:51.759833,2025-09-22 02:19:51.763119,0 days 00:00:00.003286,0.1039974460601616,0.07192507822555932,"[-0.0320521287584441, -0.006490229749760212, -0.013466870732829817, -0.23622778249332232, -0.3070223332942781]",0.12684664713099728,"{'kernel': 'sigmoid', 'C': 0.1039974460601616, 'coef0': 6.515006811805267, 'gamma': 0.39884700006691065, 'epsilon': 0.07192507822555932}",COMPLETE,sigmoid,,manual,,6.515006811805267,,0.39884700006691065
18,-2.220444010482045,2025-09-22 02:19:51.763340,2025-09-22 02:19:51.766768,0 days 00:00:00.003428,0.20264236233653138,0.011660359603014132,"[-1.2241969753427644, -3.1306266274001002, -0.3859261881582523, -4.744836891735797, -1.6166333697733117]",1.544250167579395,"{'kernel': 'sigmoid', 'C': 0.20264236233653138, 'coef0': 7.876587734016233, 'gamma': 8.065890537524298, 'epsilon': 0.011660359603014132}",COMPLETE,sigmoid,,manual,,7.876587734016233,,8.065890537524298
19,-0.10756008146994053,2025-09-22 02:19:51.766977,2025-09-22 02:19:51.770171,0 days 00:00:00.003194,0.031685943356061015,0.008722000380270562,"[-0.02797500817626708, -0.005986618905847507, -0.004938729852910662, -0.2281953586687857, -0.27070469174589173]",0.11691973996127333,"{'kernel': 'sigmoid', 'C': 0.031685943356061015, 'coef0': 9.606353357907768, 'gamma': 0.13891762731736768, 'epsilon': 0.008722000380270562}",COMPLETE,sigmoid,,manual,,9.606353357907768,,0.13891762731736768
20,-0.5650911625814298,2025-09-22 02:19:51.770372,2025-09-22 02:19:51.773928,0 days 00:00:00.003556,0.3701421395500312,0.0787094301213817,"[-0.6661705483445857, -0.24335405570701263, 0.013862864255372531, -1.0472911329573926, -0.8825029401535307]",0.39552158508197405,"{'kernel': 'sigmoid', 'C': 0.3701421395500312, 'coef0': 6.950223908868068, 'gamma': 0.9989382914710925, 'epsilon': 0.0787094301213817}",COMPLETE,sigmoid,,manual,,6.950223908868068,,0.9989382914710925
21,0.14514850131762175,2025-09-22 02:19:51.774145,2025-09-22 02:19:51.777455,0 days 00:00:00.003310,0.00976920230057095,0.008517969403714874,"[0.2025279102995161, 0.20779292387837034, 0.28858902388915253, 0.0662003666034433, -0.03936771808237349]",0.1166798585576707,"{'kernel': 'sigmoid', 'C': 0.00976920230057095, 'coef0': 5.718649032890361, 'gamma': 9.066074642503002, 'epsilon': 0.008517969403714874}",COMPLETE,sigmoid,,manual,,5.718649032890361,,9.066074642503002
22,-0.006314176994973853,2025-09-22 02:19:51.777643,2025-09-22 02:19:51.781021,0 days 00:00:00.003378,0.010763711941677172,0.02249176407845425,"[0.06669993914195638, 0.1257540184762883, 0.10719403966055419, -0.16295132123505351, -0.16826756101861462]",0.13146959968829852,"{'kernel': 'sigmoid', 'C': 0.010763711941677172, 'coef0': 5.6632162658231655, 'gamma': 2.335370979802269, 'epsilon': 0.02249176407845425}",COMPLETE,sigmoid,,manual,,5.6632162658231655,,2.335370979802269
23,0.01582311694158951,2025-09-22 02:19:51.781208,2025-09-22 02:19:51.784520,0 days 00:00:00.003312,0.03475314533765392,0.0037898862186993057,"[0.10908021849287575, 0.20218296504317113, 0.07492721513675693, -0.22122216465697542, -0.08585264930788084]",0.15063107340002285,"{'kernel': 'sigmoid', 'C': 0.03475314533765392, 'coef0': 7.261249452545623, 'gamma': 1.6419111203509458, 'epsilon': 0.0037898862186993057}",COMPLETE,sigmoid,,manual,,7.261249452545623,,1.6419111203509458
24,-0.11358860816074481,2025-09-22 02:19:51.784709,2025-09-22 02:19:51.788166,0 days 00:00:00.003457,0.003474746030132661,0.029125274420017448,"[-0.028623111501498766, -0.006275007263711219, -0.005937817184588967, -0.2444900175355169, -0.2826170873184082]",0.12331248363445323,"{'kernel': 'sigmoid', 'C': 0.003474746030132661, 'coef0': 8.921596861058156, 'gamma': 0.08450977357009216, 'epsilon': 0.029125274420017448}",COMPLETE,sigmoid,,manual,,8.921596861058156,,0.08450977357009216
25,-0.07100906435099541,2025-09-22 02:19:51.788371,2025-09-22 02:19:51.791823,0 days 00:00:00.003452,0.0011163232266008431,0.003763547687105765,"[0.008524987346221091, 0.026332506649501375, 0.03156919883729581, -0.18557134063047798, -0.23590067395751735]",0.11544444981714169,"{'kernel': 'sigmoid', 'C': 0.0011163232266008431, 'coef0': 5.623482895755858, 'gamma': 9.279298437595418, 'epsilon': 0.003763547687105765}",COMPLETE,sigmoid,,manual,,5.623482895755858,,9.279298437595418
26,-0.12473181211252315,2025-09-22 02:19:51.792032,2025-09-22 02:19:51.795221,0 days 00:00:00.003189,0.01691835313038164,0.1539946682675231,"[-0.04272827243726662, -0.0018141738406909358, -0.013430796068895301, -0.25255812538092015, -0.31312769283484276]",0.13118979893792743,"{'kernel': 'sigmoid', 'C': 0.01691835313038164, 'coef0': 4.455680811580647, 'gamma': 'scale', 'epsilon': 0.1539946682675231}",COMPLETE,sigmoid,scale,auto,,4.455680811580647,,
27,-0.07628090683336115,2025-09-22 02:19:51.795428,2025-09-22 02:19:51.798768,0 days 00:00:00.003340,0.07504518635414192,0.014493166176915333,"[0.02141679980672695, 0.05486743942612504, -0.0032754454094343632, -0.23761880889701814, -0.21679451909320524]",0.12477862146991626,"{'kernel': 'sigmoid', 'C': 0.07504518635414192, 'coef0': 6.456545409756122, 'gamma': 0.7922182663466462, 'epsilon': 0.014493166176915333}",COMPLETE,sigmoid,,manual,,6.456545409756122,,0.7922182663466462
28,-0.10756008962244393,2025-09-22 02:19:51.798963,2025-09-22 02:19:51.802279,0 days 00:00:00.003316,0.0037264354406248506,0.005217419244681424,"[-0.027975016275857856, -0.005986628179003528, -0.004938736292574575, -0.22819536716873867, -0.270704700196045]",0.11691974022920248,"{'kernel': 'sigmoid', 'C': 0.0037264354406248506, 'coef0': 8.504557381880833, 'gamma': 0.0015490615516189975, 'epsilon': 0.005217419244681424}",COMPLETE,sigmoid,,manual,,8.504557381880833,,0.0015490615516189975
29,-14.195077541489628,2025-09-22 02:19:51.802478,2025-09-22 02:19:51.806108,0 days 00:00:00.003630,0.5152504229554504,0.001591468292074324,"[-19.783863746820387, -15.637227989508961, -3.142601277805179, -14.966167978214413, -17.445526715099195]",5.772894612146552,"{'kernel': 'sigmoid', 'C': 0.5152504229554504, 'coef0': 7.209263772337801, 'gamma': 2.5054990859866058, 'epsilon': 0.001591468292074324}",COMPLETE,sigmoid,,manual,,7.209263772337801,,2.5054990859866058
30,-323.8059247699556,2025-09-22 02:19:51.806336,2025-09-22 02:19:51.809743,0 days 00:00:00.003407,2.098662010032551,0.042851314424457485,"[-442.8823042284795, -356.8186789499895, -137.05478611819282, -510.18130240851633, -172.09255214460003]",146.89979080618716,"{'kernel': 'sigmoid', 'C': 2.098662010032551, 'coef0': 5.6003066917328495, 'gamma': 3.2646661286409318, 'epsilon': 0.042851314424457485}",COMPLETE,sigmoid,,manual,,5.6003066917328495,,3.2646661286409318
31,0.15273173660404743,2025-09-22 02:19:51.809935,2025-09-22 02:19:51.813505,0 days 00:00:00.003570,0.009868830248944947,0.0064236537635926644,"[0.20766444874972323, 0.21317215453786142, 0.2947871829347529, 0.08238232013011781, -0.034347423332218296]",0.1155837785301995,"{'kernel': 'sigmoid', 'C': 0.009868830248944947, 'coef0': 5.706239935605801, 'gamma': 9.684173487037219, 'epsilon': 0.0064236537635926644}",COMPLETE,sigmoid,,manual,,5.706239935605801,,9.684173487037219
32,-0.6757039570518301,2025-09-22 02:19:51.813743,2025-09-22 02:19:51.817276,0 days 00:00:00.003533,0.14767202025222073,0.00642131492808065,"[-0.7648983301251366, -1.2838427342648782, 0.20479106622698362, -1.7701903469067477, 0.23562055981062857]",0.7976807290099373,"{'kernel': 'sigmoid', 'C': 0.14767202025222073, 'coef0': 5.160503545191868, 'gamma': 3.7759996257663144, 'epsilon': 0.00642131492808065}",COMPLETE,sigmoid,,manual,,5.160503545191868,,3.7759996257663144
33,-0.10717297101828467,2025-09-22 02:19:51.817474,2025-09-22 02:19:51.820769,0 days 00:00:00.003295,0.04644125095646543,0.01570567245400287,"[-0.0252687135018812, -0.0026646707890665144, -0.004705387803917382, -0.23520375829081486, -0.2680223247057434]",0.1186543677217186,"{'kernel': 'sigmoid', 'C': 0.04644125095646543, 'coef0': 6.172354964335863, 'gamma': 0.5589756593773246, 'epsilon': 0.01570567245400287}",COMPLETE,sigmoid,,manual,,6.172354964335863,,0.5589756593773246
34,0.06901310234496352,2025-09-22 02:19:51.821030,2025-09-22 02:19:51.824792,0 days 00:00:00.003762,0.006605192346084908,0.001870855966503792,"[0.1285755099454442, 0.1397244134605199, 0.19332751956671845, -0.03140164071867679, -0.08516029052918817]",0.10756802493575476,"{'kernel': 'sigmoid', 'C': 0.006605192346084908, 'coef0': 6.989624726174098, 'gamma': 9.940077745933083, 'epsilon': 0.001870855966503792}",COMPLETE,sigmoid,,manual,,6.989624726174098,,9.940077745933083
35,-0.01046516553794985,2025-09-22 02:19:51.825029,2025-09-22 02:19:51.828322,0 days 00:00:00.003293,0.015471682624775843,0.0004614016776586619,"[0.07554287315266317, 0.13426276817702432, 0.08749973932923649, -0.21513032342299399, -0.13450088492567924]",0.13799519313265257,"{'kernel': 'sigmoid', 'C': 0.015471682624775843, 'coef0': 4.209204794933052, 'gamma': 1.246517464025365, 'epsilon': 0.0004614016776586619}",COMPLETE,sigmoid,,manual,,4.209204794933052,,1.246517464025365
36,-0.10587136036656597,2025-09-22 02:19:51.828593,2025-09-22 02:19:51.831708,0 days 00:00:00.003115,0.25781097595268326,0.0005097630778977126,"[-0.026260901561977246, -0.003745255066492703, -0.003934237759709136, -0.22712113236625875, -0.268295275078392]",0.11682617752926452,"{'kernel': 'sigmoid', 'C': 0.25781097595268326, 'coef0': 5.102334584425519, 'gamma': 'scale', 'epsilon': 0.0005097630778977126}",COMPLETE,sigmoid,scale,auto,,5.102334584425519,,
37,-0.10755531594263293,2025-09-22 02:19:51.831912,2025-09-22 02:19:51.835618,0 days 00:00:00.003706,724.7560470100289,0.005716401182698693,"[-0.027970224998936644, -0.005981615460327605, -0.0049347488740136836, -0.22819008255982864, -0.27069990782005804]",0.11691953548599768,"{'kernel': 'sigmoid', 'C': 724.7560470100289, 'coef0': 7.607978762125947, 'gamma': 7.528913256273429e-05, 'epsilon': 0.005716401182698693}",COMPLETE,sigmoid,,manual,,7.607978762125947,,7.528913256273429e-05
38,-0.12063211503232134,2025-09-22 02:19:51.835854,2025-09-22 02:19:51.839367,0 days 00:00:00.003513,0.0021494184554636834,0.11930178567438283,"[-0.048696017423122795, -0.004502598651235923, -0.0103966386444303, -0.24292042866494068, -0.296644891777877]",0.12389322515569678,"{'kernel': 'sigmoid', 'C': 0.0021494184554636834, 'coef0': 6.142502974604047, 'gamma': 0.0043473557573453555, 'epsilon': 0.11930178567438283}",COMPLETE,sigmoid,,manual,,6.142502974604047,,0.0043473557573453555
39,0.12590694531451335,2025-09-22 02:19:51.839580,2025-09-22 02:19:51.843310,0 days 00:00:00.003730,0.9343840583765564,0.015816436737273676,"[0.12450868914236912, 0.24173598566395416, 0.294469238756044, -0.2972675243588594, 0.2660883373690588]",0.2193440324880321,"{'kernel': 'sigmoid', 'C': 0.9343840583765564, 'coef0': 2.680755937621261, 'gamma': 'auto', 'epsilon': 0.015816436737273676}",COMPLETE,sigmoid,auto,auto,,2.680755937621261,,
40,-440.7391127405114,2025-09-22 02:19:51.843531,2025-09-22 02:19:51.847020,0 days 00:00:00.003489,2.499984665013835,0.0014447623662470416,"[-626.1743149634968, -520.0577114374668, -197.60408916522604, -699.2008594086113, -160.6585887277562]",221.37744620158003,"{'kernel': 'sigmoid', 'C': 2.499984665013835, 'coef0': 6.764943032000157, 'gamma': 3.8520306507294086, 'epsilon': 0.0014447623662470416}",COMPLETE,sigmoid,,manual,,6.764943032000157,,3.8520306507294086
41,0.0787726412049244,2025-09-22 02:19:51.847212,2025-09-22 02:19:51.850684,0 days 00:00:00.003472,0.007089225189110164,0.010166639192002405,"[0.14012843415525977, 0.15144216328483673, 0.2091596851951809, -0.012932090973856836, -0.09393498563679858]",0.11338770328539705,"{'kernel': 'sigmoid', 'C': 0.007089225189110164, 'coef0': 5.858071398207338, 'gamma': 8.65091989504148, 'epsilon': 0.010166639192002405}",COMPLETE,sigmoid,,manual,,5.858071398207338,,8.65091989504148
42,0.15193975336104043,2025-09-22 02:19:51.850880,2025-09-22 02:19:51.854308,0 days 00:00:00.003428,0.01208435362507756,0.007765921988674504,"[0.20720913550827225, 0.23270034292994757, 0.2590738734600494, 0.06898259288805342, -0.008267177981120533]",0.10354018393228388,"{'kernel': 'sigmoid', 'C': 0.01208435362507756, 'coef0': 5.123400929593189, 'gamma': 4.0503629002764745, 'epsilon': 0.007765921988674504}",COMPLETE,sigmoid,,manual,,5.123400929593189,,4.0503629002764745
43,0.2670480096739297,2025-09-22 02:19:51.854498,2025-09-22 02:19:51.858294,0 days 00:00:00.003796,0.017360028692857014,0.037510700659487084,"[0.30238592531011255, 0.3387303671504972, 0.39467346001909476, 0.2044476427067028, 0.09500265318324097]",0.10601301322493784,"{'kernel': 'sigmoid', 'C': 0.017360028692857014, 'coef0': 3.5394888613762054, 'gamma': 3.367720723265394, 'epsilon': 0.037510700659487084}",COMPLETE,sigmoid,,manual,,3.5394888613762054,,3.367720723265394
44,0.22636362336258972,2025-09-22 02:19:51.858519,2025-09-22 02:19:51.861844,0 days 00:00:00.003325,0.025601786384706195,0.031203336238694725,"[0.23301887047545455, 0.3473741103501674, 0.32832952959733097, 0.1610338727574716, 0.062061733632523985]",0.10615833796021268,"{'kernel': 'sigmoid', 'C': 0.025601786384706195, 'coef0': 3.484568001432158, 'gamma': 1.7153904925760886, 'epsilon': 0.031203336238694725}",COMPLETE,sigmoid,,manual,,3.484568001432158,,1.7153904925760886
45,-0.09751697500675158,2025-09-22 02:19:51.862041,2025-09-22 02:19:51.865437,0 days 00:00:00.003396,0.06484709452827801,0.03678482334638995,"[-0.011876545295557372, 0.01636363220162107, 0.004048737692562976, -0.23381718894028736, -0.26230351069209723]",0.12357266733132426,"{'kernel': 'sigmoid', 'C': 0.06484709452827801, 'coef0': 3.1943090593389654, 'gamma': 'scale', 'epsilon': 0.03678482334638995}",COMPLETE,sigmoid,scale,auto,,3.1943090593389654,,
46,-0.04688815169578555,2025-09-22 02:19:51.865672,2025-09-22 02:19:51.869303,0 days 00:00:00.003631,0.02451249486980536,0.050297308511213175,"[0.03789081312851583, 0.08150647867948757, 0.04980974868348498, -0.19166579292210595, -0.2119820060483102]",0.12746739509982324,"{'kernel': 'sigmoid', 'C': 0.02451249486980536, 'coef0': 1.8669959414961363, 'gamma': 0.26198267542041553, 'epsilon': 0.050297308511213175}",COMPLETE,sigmoid,,manual,,1.8669959414961363,,0.26198267542041553
47,-0.07946257238077734,2025-09-22 02:19:51.869497,2025-09-22 02:19:51.873011,0 days 00:00:00.003514,0.003996579187111395,0.17490976299663813,"[0.012556793137755373, 0.049635993294438796, 0.027692906297265285, -0.19756210510520011, -0.28963644952814604]",0.1376494519897817,"{'kernel': 'sigmoid', 'C': 0.003996579187111395, 'coef0': 3.7449662508164465, 'gamma': 1.4903250245630053, 'epsilon': 0.17490976299663813}",COMPLETE,sigmoid,,manual,,3.7449662508164465,,1.4903250245630053
48,0.13472669034839918,2025-09-22 02:19:51.873321,2025-09-22 02:19:51.877180,0 days 00:00:00.003859,0.1315767697301764,0.02687662125346199,"[0.05209643279286447, 0.16683082787658576, 0.4992164065019157, 0.3605082436537068, -0.40501845908307677]",0.31080969239698997,"{'kernel': 'sigmoid', 'C': 0.1315767697301764, 'coef0': 1.7581292784908276, 'gamma': 0.6485726280678193, 'epsilon': 0.02687662125346199}",COMPLETE,sigmoid,,manual,,1.7581292784908276,,0.6485726280678193
49,0.05200117193620355,2025-09-22 02:19:51.877369,2025-09-22 02:19:51.880729,0 days 00:00:00.003360,0.0482060512286458,0.021119073467642743,"[0.12502779004336473, 0.16360065674360025, 0.140065725271051, -0.07751469052804971, -0.0911736218489485]",0.11208575085245394,"{'kernel': 'sigmoid', 'C': 0.0482060512286458, 'coef0': 0.3685958152415272, 'gamma': 0.0486410725681938, 'epsilon': 0.021119073467642743}",COMPLETE,sigmoid,,manual,,0.3685958152415272,,0.0486410725681938
